"","population","family","body","sub","mid","ilab","slab","post"
"1","INLAND","420",165,75,21,20,16,4
"2","INLAND","420",162,82,21,NA,NA,6
"3","INLAND","420",162,82,21,20,16,6
"4","INLAND","420",163,77,21,19,16,6
"5","INLAND","420",164,79,21,20,16,6
"6","INLAND","420",164,80,21,20,16,6
"7","INLAND","420",165,78,21,20,16,6
"8","INLAND","420",165,79,21,18,15,6
"9","INLAND","420",165,81,21,20,16,6
"10","INLAND","420",165,84,21,17,16,6
"11","INLAND","420",166,80,21,19,16,6
"12","INLAND","420",166,82,21,19,16,7
"13","INLAND","420",163,82,21,20,14,6
"14","INLAND","420",167,NA,21,19,15,6
"15","INLAND","420",167,76,NA,NA,16,6
"16","INLAND","420",167,79,21,20,15,6
"17","INLAND","437",165,76,21,20,16,6
"18","INLAND","437",165,76,21,20,16,5
"19","INLAND","437",166,85,21,20,16,6
"20","INLAND","437",168,82,21,20,16,5
"21","INLAND","438",159,NA,21,NA,NA,6
"22","INLAND","438",166,82,19,20,15,6
"23","INLAND","438",166,83,19,19,NA,6
"24","INLAND","438",167,82,19,20,13,6
"25","INLAND","438",167,82,21,19,10,6
"26","INLAND","438",168,81,19,20,12,6
"27","INLAND","438",168,84,21,19,NA,8
"28","INLAND","438",168,85,21,21,11,6
"29","INLAND","438",168,83,21,20,11,6
"30","INLAND","438",169,81,19,21,12,6
"31","INLAND","438",169,78,21,18,16,7
"32","INLAND","438",170,87,19,21,NA,6
"33","INLAND","440",166,NA,19,21,16,6
"34","INLAND","440",165,78,19,20,10,7
"35","INLAND","440",165,79,19,16,NA,6
"36","INLAND","440",167,72,19,20,11,6
"37","INLAND","440",168,NA,19,20,12,6
"38","INLAND","440",168,78,21,21,10,7
"39","INLAND","440",169,86,19,20,NA,6
"40","INLAND","440",170,92,21,21,13,6
"41","INLAND","494",169,74,19,20,16,6
"42","INLAND","494",164,79,21,20,16,6
"43","INLAND","494",166,78,21,20,16,6
"44","INLAND","494",166,76,21,20,16,6
"45","INLAND","494",168,78,21,20,16,6
"46","INLAND","494",170,82,21,20,16,6
"47","INLAND","494",172,78,21,20,16,6
"48","INLAND","497",157,NA,21,20,16,6
"49","INLAND","497",161,84,21,20,16,7
"50","INLAND","497",164,75,21,19,16,7
"51","INLAND","497",165,81,21,20,16,6
"52","INLAND","497",165,82,21,20,16,6
"53","INLAND","497",165,85,21,20,16,6
"54","INLAND","497",166,72,21,20,16,6
"55","INLAND","497",166,76,19,20,15,6
"56","INLAND","497",168,80,19,20,16,6
"57","INLAND","497",170,81,21,20,16,7
"58","INLAND","507",166,81,19,20,16,6
"59","INLAND","507",163,80,21,20,12,6
"60","INLAND","507",166,81,21,19,16,5
"61","INLAND","507",167,83,21,20,16,6
"62","INLAND","507",170,82,19,20,15,6
"63","INLAND","511",165,79,19,20,16,6
"64","INLAND","511",166,79,21,20,16,7
"65","INLAND","511",166,79,21,20,16,7
"66","INLAND","511",167,81,21,20,16,6
"67","INLAND","511",167,83,21,20,16,6
"68","INLAND","511",170,81,21,20,16,6
"69","INLAND","512",171,81,21,21,16,8
"70","INLAND","512",166,82,21,21,16,7
"71","INLAND","512",167,84,21,22,16,7
"72","INLAND","512",169,80,21,21,16,6
"73","INLAND","512",169,82,19,21,16,8
"74","INLAND","512",169,88,21,20,16,7
"75","INLAND","512",170,78,21,21,17,8
"76","INLAND","515",160,74,19,20,16,7
"77","INLAND","515",162,78,19,20,16,6
"78","INLAND","515",165,83,21,20,16,6
"79","INLAND","515",166,83,19,20,16,6
"80","INLAND","515",168,78,19,20,16,6
"81","INLAND","515",168,83,19,20,16,6
"82","INLAND","515",170,84,17,20,16,6
"83","INLAND","516",167,82,21,20,15,7
"84","INLAND","516",161,78,21,20,16,6
"85","INLAND","516",165,85,19,19,15,7
"86","INLAND","516",166,82,19,20,16,8
"87","INLAND","516",167,77,19,21,17,8
"88","INLAND","516",167,91,21,20,16,7
"89","INLAND","516",167,79,19,20,14,7
"90","INLAND","516",170,76,21,20,16,6
"91","INLAND","516",170,94,21,20,16,6
"92","INLAND","516",171,78,19,20,16,8
"93","INLAND","516",173,92,21,20,16,6
"94","INLAND","516",182,90,21,20,16,6
"95","INLAND","522",166,NA,19,20,16,6
"96","INLAND","522",164,73,21,20,16,6
"97","INLAND","522",165,79,21,20,16,7
"98","INLAND","522",168,75,21,21,17,7
"99","INLAND","522",168,77,21,20,16,7
"100","INLAND","522",168,77,21,21,16,7
"101","INLAND","522",168,79,21,20,16,6
"102","INLAND","522",168,79,21,20,16,7
"103","INLAND","522",171,78,21,20,17,7
"104","INLAND","522",174,84,21,20,16,6
"105","INLAND","534",172,NA,19,20,16,7
"106","INLAND","534",167,87,21,20,16,6
"107","INLAND","534",169,NA,21,20,16,6
"108","INLAND","534",169,82,21,20,16,7
"109","INLAND","534",171,84,21,20,16,6
"110","INLAND","534",172,86,21,20,16,6
"111","INLAND","534",173,89,21,20,16,6
"112","INLAND","534",175,88,21,20,16,6
"113","INLAND","534",176,87,21,20,16,6
"114","INLAND","540",164,82,19,20,16,6
"115","INLAND","540",164,81,21,20,16,6
"116","INLAND","540",166,79,21,20,16,7
"117","INLAND","540",166,81,19,20,15,7
"118","INLAND","540",167,79,21,20,16,6
"119","INLAND","540",168,82,19,20,16,6
"120","INLAND","541",167,NA,19,20,16,6
"121","INLAND","541",162,78,21,20,16,6
"122","INLAND","541",168,83,21,20,15,6
"123","INLAND","543",170,NA,21,21,16,6
"124","INLAND","543",NA,77,NA,20,16,6
"125","INLAND","543",164,73,21,20,16,6
"126","INLAND","543",165,77,21,20,16,6
"127","INLAND","543",165,79,21,20,14,6
"128","INLAND","543",167,73,21,20,16,6
"129","INLAND","543",167,77,21,20,16,6
"130","INLAND","543",168,78,21,20,16,6
"131","INLAND","543",170,78,21,20,16,6
"132","INLAND","543",170,79,21,21,16,6
"133","INLAND","543",172,78,21,20,16,6
"134","INLAND","545",165,NA,21,20,16,7
"135","INLAND","545",166,78,21,20,16,6
"136","INLAND","545",166,79,21,20,16,7
"137","INLAND","545",167,81,21,20,16,6
"138","INLAND","545",169,85,21,20,16,6
"139","INLAND","549",168,NA,19,21,16,5
"140","INLAND","549",165,76,21,20,16,6
"141","INLAND","549",165,82,21,20,16,6
"142","INLAND","549",168,76,21,20,16,6
"143","INLAND","549",168,79,19,20,16,6
"144","INLAND","549",171,76,21,20,16,6
"145","INLAND","549",172,79,21,20,16,6
"146","INLAND","550",167,74,19,20,16,8
"147","INLAND","550",166,80,19,20,16,5
"148","INLAND","550",167,76,21,20,16,6
"149","INLAND","554",167,74,21,20,16,7
"150","INLAND","554",172,81,19,20,16,7
"151","INLAND","556",165,81,19,20,16,6
"152","INLAND","556",166,83,21,20,16,5
"153","INLAND","556",166,88,21,20,16,6
"154","INLAND","556",167,NA,21,20,16,6
"155","INLAND","556",167,80,21,20,16,6
"156","INLAND","556",168,83,21,20,16,6
"157","INLAND","556",169,88,21,21,16,6
"158","INLAND","556",171,86,21,20,16,7
"159","INLAND","591",166,79,19,20,17,8
"160","INLAND","591",166,72,19,20,16,6
"161","INLAND","676",161,87,21,20,16,6
"162","INLAND","676",154,85,21,20,16,7
"163","INLAND","676",155,81,21,20,16,7
"164","INLAND","676",160,83,21,20,16,7
"165","INLAND","676",162,84,21,20,16,6
"166","INLAND","686",163,78,21,20,16,6
"167","INLAND","686",160,81,21,20,18,6
"168","INLAND","686",161,82,21,20,16,6
"169","INLAND","686",164,81,21,20,17,6
"170","INLAND","686",166,77,19,18,15,6
"171","INLAND","686",166,80,21,19,16,6
"172","INLAND","686",168,81,21,20,16,6
"173","INLAND","687",161,78,19,20,16,7
"174","INLAND","687",160,82,21,20,16,8
"175","INLAND","687",162,73,21,20,16,7
"176","INLAND","687",165,78,19,20,16,6
"177","INLAND","687",168,79,19,20,16,6
"178","INLAND","687",170,78,19,20,16,6
"179","INLAND","687",171,75,19,20,16,6
"180","INLAND","687",171,84,19,20,16,6
"181","INLAND","693",165,82,21,20,16,6
"182","INLAND","693",165,76,19,20,16,6
"183","INLAND","693",165,76,19,20,16,6
"184","INLAND","693",165,84,21,20,16,6
"185","INLAND","693",169,79,21,20,16,6
"186","INLAND","693",170,76,19,20,15,6
"187","INLAND","693",171,79,21,19,16,6
"188","INLAND","697",169,82,19,20,16,6
"189","INLAND","697",166,84,21,21,16,6
"190","INLAND","697",167,78,21,20,16,5
"191","INLAND","697",169,86,21,20,16,6
"192","INLAND","697",169,89,21,21,16,7
"193","INLAND","697",170,79,21,20,16,6
"194","INLAND","697",170,82,21,20,16,6
"195","INLAND","698",165,80,21,20,17,7
"196","INLAND","698",166,84,21,20,16,8
"197","INLAND","698",168,79,19,20,16,7
"198","INLAND","698",167,78,19,20,16,6
"199","INLAND","698",169,81,21,20,15,8
"200","INLAND","698",169,83,19,20,14,6
"201","INLAND","703",NA,86,21,20,16,6
"202","INLAND","703",164,79,21,20,16,6
"203","INLAND","703",167,83,21,20,16,6
"204","INLAND","703",168,83,21,20,16,6
"205","INLAND","703",168,83,21,20,16,6
"206","INLAND","703",169,85,21,20,15,6
"207","INLAND","703",167,85,21,20,16,6
"208","INLAND","703",169,85,21,20,16,6
"209","INLAND","703",171,81,21,20,16,6
"210","INLAND","703",173,83,21,20,16,6
"211","INLAND","703",174,84,21,20,16,7
"212","INLAND","704",167,83,21,20,15,6
"213","INLAND","704",164,76,19,20,16,6
"214","INLAND","704",169,75,21,20,16,6
"215","INLAND","704",173,77,21,20,16,6
"216","INLAND","711",169,83,21,21,16,7
"217","INLAND","711",161,79,21,20,16,5
"218","INLAND","711",167,81,21,23,16,7
"219","INLAND","711",168,77,21,22,16,6
"220","INLAND","711",168,84,21,20,17,6
"221","INLAND","711",169,75,19,20,16,8
"222","INLAND","711",169,86,21,20,16,8
"223","INLAND","711",171,81,21,20,16,6
"224","INLAND","712",162,75,21,20,16,7
"225","INLAND","712",157,79,19,20,14,6
"226","INLAND","712",160,81,21,20,16,6
"227","INLAND","712",161,80,21,20,16,6
"228","INLAND","712",162,74,21,20,15,6
"229","INLAND","713",168,75,21,20,16,7
"230","INLAND","713",165,80,19,20,16,6
"231","INLAND","713",165,80,19,20,16,6
"232","INLAND","713",166,76,19,20,16,6
"233","INLAND","713",166,78,21,20,16,6
"234","INLAND","713",166,80,21,24,16,6
"235","INLAND","713",166,81,21,20,16,6
"236","INLAND","713",167,78,21,20,16,6
"237","INLAND","713",168,79,21,20,16,7
"238","INLAND","720",160,79,19,20,16,6
"239","INLAND","720",161,81,21,20,16,4
"240","INLAND","720",163,78,21,20,16,6
"241","INLAND","720",164,76,21,20,16,4
"242","INLAND","720",165,78,21,19,15,6
"243","INLAND","720",165,80,21,20,15,6
"244","INLAND","720",165,80,21,20,16,5
"245","INLAND","720",170,77,19,19,15,4
"246","INLAND","724",166,NA,21,19,16,6
"247","INLAND","724",162,81,21,20,15,7
"248","INLAND","724",165,83,21,20,16,5
"249","INLAND","724",166,83,21,20,16,6
"250","INLAND","724",165,78,19,21,16,6
"251","INLAND","724",167,78,21,20,14,6
"252","INLAND","724",167,77,21,20,14,6
"253","INLAND","724",169,84,21,20,16,7
"254","INLAND","729",164,82,21,20,16,6
"255","INLAND","729",164,80,21,20,16,4
"256","INLAND","729",165,77,21,19,16,4
"257","INLAND","737",166,NA,21,20,16,6
"258","INLAND","737",163,NA,21,20,16,6
"259","INLAND","737",164,80,21,20,16,6
"260","INLAND","737",167,75,21,20,16,6
"261","INLAND","737",167,80,21,20,16,6
"262","INLAND","737",167,81,21,20,16,6
"263","INLAND","737",168,75,21,20,16,6
"264","INLAND","737",169,77,21,20,16,7
"265","INLAND","737",169,79,21,20,16,6
"266","INLAND","737",169,80,21,20,16,6
"267","INLAND","895",165,80,19,20,16,7
"268","INLAND","895",161,84,21,20,16,8
"269","INLAND","895",163,76,19,20,16,5
"270","INLAND","895",164,79,21,20,16,8
"271","INLAND","895",166,81,21,20,16,7
"272","INLAND","895",170,78,19,20,16,8
"273","INLAND","895",173,84,21,20,16,7
"274","INLAND","896",168,84,21,20,16,6
"275","INLAND","896",164,89,21,20,15,6
"276","INLAND","896",165,84,21,20,16,6
"277","INLAND","896",167,81,21,20,16,6
"278","INLAND","896",167,88,21,19,16,6
"279","INLAND","896",168,86,21,20,16,6
"280","INLAND","896",169,84,21,20,16,6
"281","INLAND","896",169,85,21,20,16,6
"282","INLAND","905",164,78,21,20,16,6
"283","INLAND","905",160,82,21,20,16,6
"284","INLAND","905",163,80,21,20,16,6
"285","INLAND","905",160,77,21,20,16,6
"286","INLAND","905",161,83,21,21,15,6
"287","INLAND","905",162,77,21,20,16,6
"288","INLAND","905",167,78,21,20,16,6
"289","INLAND","911",162,82,21,20,16,6
"290","INLAND","911",165,80,21,20,16,6
"291","INLAND","911",165,78,21,20,16,6
"292","INLAND","911",166,80,21,19,16,6
"293","INLAND","911",166,80,21,20,16,7
"294","INLAND","911",166,86,21,20,16,6
"295","INLAND","911",168,82,21,20,16,5
"296","INLAND","911",168,83,21,20,16,6
"297","INLAND","911",172,82,21,20,16,6
"298","INLAND","916",170,76,19,19,16,7
"299","INLAND","916",164,80,21,20,16,7
"300","INLAND","916",164,80,21,20,16,6
"301","INLAND","916",163,75,21,19,15,6
"302","INLAND","918",162,76,19,20,16,6
"303","INLAND","918",159,88,21,20,11,6
"304","INLAND","918",160,86,21,20,14,6
"305","INLAND","918",164,77,21,19,14,6
"306","INLAND","920",173,80,19,20,16,6
"307","INLAND","920",NA,77,19,20,15,6
"308","INLAND","920",159,75,19,20,16,6
"309","INLAND","920",165,86,19,19,16,5
"310","INLAND","920",165,79,19,20,16,4
"311","INLAND","920",166,87,21,20,16,6
"312","INLAND","920",167,81,19,20,16,5
"313","INLAND","924",174,77,21,19,16,7
"314","INLAND","924",162,82,21,20,18,6
"315","INLAND","924",164,82,21,21,16,6
"316","INLAND","924",167,75,21,20,16,7
"317","INLAND","924",167,83,21,20,16,6
"318","INLAND","924",168,80,21,20,16,6
"319","INLAND","924",168,82,21,20,16,6
"320","INLAND","924",170,72,21,20,16,5
"321","INLAND","924",170,76,19,20,16,6
"322","INLAND","929",161,83,19,20,16,6
"323","INLAND","934",171,78,21,20,16,6
"324","INLAND","934",166,76,21,20,16,5
"325","INLAND","939",166,80,19,21,16,7
"326","INLAND","939",NA,74,19,20,16,4
"327","INLAND","939",NA,79,21,19,15,6
"328","INLAND","939",161,78,21,20,16,3
"329","INLAND","939",161,80,21,20,16,6
"330","INLAND","939",165,85,21,21,16,6
"331","INLAND","939",166,79,21,20,17,4
"332","INLAND","939",164,79,21,20,16,6
"333","INLAND","939",168,79,21,20,15,6
"334","INLAND","939",171,92,19,20,13,6
"335","INLAND","940",167,84,19,20,16,7
"336","INLAND","940",NA,80,21,20,16,8
"337","INLAND","947",168,85,21,20,15,5
"338","INLAND","947",NA,NA,NA,18,16,5
"339","INLAND","976",163,73,19,20,15,7
"340","INLAND","976",NA,NA,21,20,13,6
"341","INLAND","976",165,79,21,20,14,6
"342","INLAND","976",167,79,19,20,16,6
"343","INLAND","976",168,82,21,20,16,6
"344","INLAND","976",170,80,21,19,16,6
"345","INLAND","976",172,82,21,20,16,4
"346","INLAND","986",165,80,21,20,16,6
"347","INLAND","986",165,76,21,20,16,6
"348","INLAND","986",165,81,19,21,17,6
"349","INLAND","986",167,75,19,20,16,6
"350","INLAND","986",167,76,21,20,16,6
"351","INLAND","986",167,84,21,20,16,6
"352","INLAND","986",168,74,21,20,16,6
"353","INLAND","987",165,NA,21,20,16,7
"354","INLAND","987",162,80,21,20,11,6
"355","INLAND","987",164,79,19,20,12,6
"356","INLAND","987",166,80,19,20,NA,6
"357","INLAND","987",166,80,21,20,NA,6
"358","INLAND","998",171,84,19,20,16,6
"359","INLAND","998",167,89,19,20,16,6
"360","INLAND","998",168,79,21,20,16,4
"361","INLAND","1004",166,75,19,20,16,7
"362","INLAND","1004",170,78,19,20,16,4
"363","INLAND","1004",170,83,19,20,16,6
"364","INLAND","1005",166,80,21,21,16,7
"365","INLAND","1005",164,81,21,20,16,6
"366","INLAND","1005",166,83,21,20,16,8
"367","INLAND","1005",169,76,21,20,16,7
"368","INLAND","1008",170,79,19,20,16,7
"369","INLAND","1008",169,77,21,20,16,6
"370","INLAND","1008",171,79,21,20,16,6
"371","INLAND","1011",167,82,21,22,17,6
"372","INLAND","1011",168,78,21,21,16,6
"373","INLAND","1011",168,80,21,20,16,6
"374","INLAND","1011",170,83,21,20,16,7
"375","INLAND","1011",170,86,21,20,16,6
"376","INLAND","1044",164,77,19,20,16,6
"377","INLAND","1044",NA,NA,21,20,16,6
"378","INLAND","1044",NA,NA,21,20,16,6
"379","INLAND","1044",NA,NA,21,20,16,6
"380","INLAND","1044",NA,NA,21,20,16,6
"381","INLAND","1044",NA,NA,21,20,16,7
"382","INLAND","1044",NA,NA,21,21,17,6
"383","INLAND","1044",164,80,19,20,16,6
"384","INLAND","1044",167,75,21,20,16,6
"385","INLAND","1044",167,76,21,20,16,7
"386","INLAND","1044",167,81,21,20,16,6
"387","INLAND","1044",168,83,21,20,16,5
"388","INLAND","1045",164,77,21,21,16,6
"389","INLAND","1045",162,79,19,20,16,6
"390","INLAND","1045",163,NA,21,20,16,6
"391","INLAND","1045",167,81,21,20,16,7
"392","INLAND","1045",168,79,21,20,16,6
"393","INLAND","1045",172,80,19,20,15,6
"394","INLAND","1046",160,78,19,20,16,6
"395","INLAND","1046",161,79,21,20,16,8
"396","INLAND","1046",166,86,21,19,17,6
"397","INLAND","1046",169,83,21,20,16,6
"398","INLAND","1047",169,79,19,20,16,6
"399","INLAND","1047",161,73,21,20,16,6
"400","INLAND","1047",164,80,21,20,16,6
"401","INLAND","1047",166,80,21,20,16,6
"402","INLAND","1047",167,73,21,20,16,7
"403","INLAND","1047",167,77,21,20,16,7
"404","INLAND","1048",170,91,21,20,15,6
"405","INLAND","1048",167,89,21,20,16,6
"406","INLAND","1048",169,83,21,20,15,7
"407","INLAND","1048",170,87,21,20,16,6
"408","INLAND","1048",173,80,21,20,16,6
"409","INLAND","1048",173,80,21,20,16,6
"410","INLAND","1052",171,80,19,20,16,7
"411","INLAND","1052",NA,NA,21,20,16,6
"412","INLAND","1052",165,79,21,20,16,6
"413","INLAND","1052",168,79,21,20,15,6
"414","INLAND","1052",171,83,21,19,16,7
"415","INLAND","1052",172,83,21,20,16,6
"416","INLAND","1052",172,84,19,19,16,5
"417","INLAND","1056",170,78,21,20,14,7
"418","INLAND","1056",166,86,19,20,16,8
"419","INLAND","1056",168,87,21,20,16,6
"420","INLAND","1058",165,78,19,20,16,6
"421","INLAND","1058",162,80,21,20,16,6
"422","INLAND","1058",166,83,21,20,16,7
"423","INLAND","1058",167,81,21,20,16,6
"424","INLAND","1058",167,86,21,20,16,6
"425","INLAND","1058",169,81,21,20,16,6
"426","INLAND","1060",169,81,19,20,16,6
"427","INLAND","1169",163,NA,19,20,16,6
"428","INLAND","1169",NA,83,21,20,16,6
"429","INLAND","1169",NA,89,21,21,17,6
"430","INLAND","1169",166,85,21,20,16,6
"431","INLAND","1169",168,83,21,20,16,6
"432","INLAND","1169",168,85,21,19,16,6
"433","INLAND","1169",170,77,21,20,16,6
"434","INLAND","1169",172,85,21,20,16,6
"435","INLAND","1180",169,85,21,20,16,6
"436","INLAND","1180",167,81,19,20,16,7
"437","INLAND","1180",168,81,21,20,16,7
"438","INLAND","1180",171,81,21,20,16,6
"439","INLAND","1180",171,84,21,20,16,7
"440","INLAND","1180",171,89,19,20,16,7
"441","INLAND","1180",172,83,21,19,16,6
"442","INLAND","1185",166,NA,21,20,15,6
"443","INLAND","1185",160,79,21,20,16,7
"444","INLAND","1185",161,79,21,20,14,6
"445","INLAND","1185",162,77,21,20,15,6
"446","INLAND","1185",164,78,21,18,15,6
"447","INLAND","1185",165,77,21,20,16,6
"448","INLAND","1186",168,NA,19,21,16,7
"449","INLAND","1186",NA,NA,19,20,16,7
"450","INLAND","1186",164,85,21,20,16,4
"451","INLAND","1186",169,84,21,20,16,6
"452","INLAND","1186",175,88,19,20,16,5
"453","INLAND","1200",167,76,19,20,15,6
"454","INLAND","1200",163,74,19,20,16,8
"455","INLAND","1200",168,72,19,20,15,8
"456","INLAND","1200",168,76,19,20,15,7
"457","INLAND","1200",168,78,19,20,16,6
"458","INLAND","1200",169,83,21,20,14,7
"459","INLAND","1200",170,77,19,20,13,6
"460","INLAND","1212",171,81,19,20,14,6
"461","INLAND","1227",168,83,21,20,16,6
"462","INLAND","1227",NA,80,21,20,16,7
"463","INLAND","1227",162,78,21,20,16,6
"464","INLAND","1227",164,85,21,20,14,6
"465","INLAND","1227",164,86,21,20,15,6
"466","INLAND","1227",164,83,21,20,14,6
"467","INLAND","1227",165,83,21,20,16,5
"468","INLAND","1227",166,76,21,20,15,6
"469","INLAND","1227",168,83,21,20,14,7
"470","INLAND","1227",169,77,21,20,16,6
"471","INLAND","1227",169,81,21,20,13,6
"472","INLAND","1227",170,80,21,20,16,6
"473","INLAND","160",171.051645,79.963572,20.954545,19.638325,15.809951,6.190111
"474","INLAND","160",162.394547,80.062586,21.190963,19.608087,14.556188,6.125825
"475","INLAND","160",164.394547,87.062586,21.190963,20.608087,15.556188,7.125825
"476","INLAND","160",167.394547,NA,19.190963,20.608087,15.556188,6.125825
"477","INLAND","160",166.394547,83.062586,21.190963,20.608087,16.556188,6.125825
"478","INLAND","160",167.394547,83.062586,21.190963,19.608087,15.556188,6.125825
"479","INLAND","160",169.394547,83.062586,21.190963,20.608087,15.556188,7.125825
"480","INLAND","160",173.394547,84.062586,21.190963,21.608087,15.556188,6.125825
"481","INLAND","160",173.394547,86.062586,21.190963,19.608087,15.556188,6.125825
"482","INLAND","249",165.051645,82.963572,18.954545,19.638325,15.809951,6.190111
"483","INLAND","249",NA,NA,NA,NA,NA,NA
"484","INLAND","249",166.394547,95.062586,NA,19.608087,16.556188,4.125825
"485","INLAND","249",169.394547,81.062586,19.190963,20.608087,15.556188,6.125825
"486","INLAND","249",169.394547,NA,21.190963,19.608087,15.556188,6.125825
"487","INLAND","259",162.051645,73.963572,18.954545,19.638325,15.809951,6.190111
"488","INLAND","259",160.394547,77.062586,21.190963,19.608087,14.556188,6.125825
"489","INLAND","259",161.394547,76.062586,21.190963,19.608087,15.556188,6.125825
"490","INLAND","259",162.394547,69.062586,19.190963,19.608087,15.556188,6.125825
"491","INLAND","259",162.394547,77.062586,19.190963,20.608087,15.556188,6.125825
"492","INLAND","259",163.394547,NA,21.190963,19.608087,14.556188,6.125825
"493","INLAND","259",163.394547,76.062586,21.190963,19.608087,15.556188,6.125825
"494","INLAND","259",165.394547,75.062586,19.190963,19.608087,15.556188,6.125825
"495","INLAND","259",167.394547,75.062586,19.190963,19.608087,15.556188,6.125825
"496","INLAND","259",171.394547,79.062586,19.190963,23.608087,15.556188,6.125825
"497","INLAND","259",172.394547,79.062586,19.190963,19.608087,13.556188,7.125825
"498","INLAND","260",167.051645,76.963572,18.954545,19.638325,15.809951,6.190111
"499","INLAND","260",153.394547,76.062586,NA,19.608087,15.556188,6.125825
"500","INLAND","260",166.394547,77.062586,21.190963,19.608087,14.556188,6.125825
"501","INLAND","265",165.051645,NA,16.954545,20.638325,15.809951,6.190111
"502","INLAND","265",166.394547,74.062586,19.190963,19.608087,15.556188,7.125825
"503","INLAND","265",166.394547,77.062586,21.190963,20.608087,17.556188,6.125825
"504","INLAND","265",169.394547,77.062586,21.190963,19.608087,15.556188,6.125825
"505","INLAND","265",171.394547,NA,19.190963,21.608087,15.556188,6.125825
"506","INLAND","267",173.051645,73.963572,20.954545,19.638325,15.809951,6.190111
"507","INLAND","267",169.394547,82.062586,19.190963,19.608087,15.556188,6.125825
"508","INLAND","267",170.394547,81.062586,19.190963,19.608087,15.556188,6.125825
"509","INLAND","267",170.394547,83.062586,21.190963,19.608087,15.556188,6.125825
"510","INLAND","267",170.394547,84.062586,21.190963,17.608087,13.556188,5.125825
"511","INLAND","267",171.394547,78.062586,19.190963,19.608087,15.556188,6.125825
"512","INLAND","267",172.394547,80.062586,19.190963,19.608087,15.556188,6.125825
"513","INLAND","267",173.394547,83.062586,21.190963,19.608087,15.556188,6.125825
"514","INLAND","268",166.051645,NA,20.954545,20.638325,16.809951,6.190111
"515","INLAND","268",167.394547,83.062586,21.190963,22.608087,14.556188,7.125825
"516","INLAND","274",171.051645,84.963572,20.954545,19.638325,15.809951,6.190111
"517","INLAND","274",167.394547,81.062586,21.190963,19.608087,15.556188,7.125825
"518","INLAND","274",167.394547,84.062586,21.190963,19.608087,15.556188,6.125825
"519","INLAND","274",171.394547,92.062586,21.190963,19.608087,15.556188,6.125825
"520","INLAND","274",171.394547,86.062586,19.190963,19.608087,15.556188,6.125825
"521","INLAND","274",172.394547,83.062586,21.190963,20.608087,15.556188,6.125825
"522","INLAND","274",173.394547,83.062586,21.190963,20.608087,15.556188,6.125825
"523","INLAND","277",167.051645,79.963572,20.954545,19.638325,15.809951,6.190111
"524","INLAND","277",161.394547,80.062586,21.190963,19.608087,16.556188,7.125825
"525","INLAND","278",169.051645,82.963572,18.954545,20.638325,15.809951,6.190111
"526","INLAND","278",165.394547,86.062586,19.190963,21.608087,17.556188,6.125825
"527","INLAND","278",168.394547,NA,21.190963,20.608087,15.556188,6.125825
"528","INLAND","279",167.051645,63.963572,20.954545,20.638325,15.809951,6.190111
"529","INLAND","279",165.394547,79.062586,19.190963,21.608087,15.556188,6.125825
"530","INLAND","279",166.394547,81.062586,21.190963,21.608087,15.556188,6.125825
"531","INLAND","279",167.394547,NA,21.190963,19.608087,15.556188,6.125825
"532","INLAND","279",168.394547,82.062586,21.190963,21.608087,15.556188,7.125825
"533","INLAND","279",169.394547,82.062586,21.190963,20.608087,15.556188,6.125825
"534","INLAND","279",173.394547,77.062586,21.190963,20.608087,15.556188,6.125825
"535","INLAND","283",165.051645,NA,18.954545,20.638325,15.809951,6.190111
"536","INLAND","283",159.394547,81.062586,21.190963,19.608087,15.556188,6.125825
"537","INLAND","283",167.394547,76.062586,21.190963,20.608087,15.556188,6.125825
"538","INLAND","283",170.394547,NA,21.190963,19.608087,15.556188,6.125825
"539","INLAND","352",164.051645,74.963572,18.954545,20.638325,15.809951,7.190111
"540","INLAND","352",NA,80.062586,21.190963,NA,15.556188,6.125825
"541","INLAND","352",153.394547,78.062586,21.190963,NA,NA,NA
"542","INLAND","352",161.394547,78.062586,21.190963,19.608087,15.556188,6.125825
"543","INLAND","352",164.394547,81.062586,21.190963,19.608087,14.556188,5.125825
"544","INLAND","352",166.394547,75.062586,21.190963,19.608087,15.556188,6.125825
"545","INLAND","352",167.394547,80.062586,21.190963,19.608087,15.556188,6.125825
"546","INLAND","355",165.051645,75.963572,20.954545,19.638325,15.809951,6.190111
"547","INLAND","355",160.394547,81.062586,21.190963,19.608087,13.556188,6.125825
"548","INLAND","355",163.394547,75.062586,21.190963,19.608087,15.556188,6.125825
"549","INLAND","355",163.394547,82.062586,21.190963,19.608087,15.556188,6.125825
"550","INLAND","355",164.394547,79.062586,21.190963,19.608087,14.556188,7.125825
"551","INLAND","355",165.394547,75.062586,21.190963,19.608087,14.556188,6.125825
"552","INLAND","355",165.394547,78.062586,21.190963,19.608087,14.556188,6.125825
"553","INLAND","355",165.394547,79.062586,21.190963,19.608087,13.556188,6.125825
"554","INLAND","355",165.394547,79.062586,21.190963,19.608087,15.556188,6.125825
"555","INLAND","355",165.394547,81.062586,21.190963,19.608087,14.556188,6.125825
"556","INLAND","355",167.394547,83.062586,21.190963,19.608087,15.556188,7.125825
"557","INLAND","355",167.394547,80.062586,21.190963,19.608087,14.556188,6.125825
"558","INLAND","355",168.394547,82.062586,21.190963,19.608087,13.556188,6.125825
"559","INLAND","355",170.394547,78.062586,21.190963,19.608087,15.556188,6.125825
"560","INLAND","358",168.051645,79.963572,20.954545,20.638325,15.809951,6.190111
"561","INLAND","358",168.394547,80.062586,21.190963,22.608087,16.556188,6.125825
"562","INLAND","358",169.394547,83.062586,19.190963,19.608087,15.556188,6.125825
"563","INLAND","369",169.051645,81.963572,20.954545,19.638325,15.809951,6.190111
"564","INLAND","369",169.394547,77.062586,21.190963,19.608087,15.556188,6.125825
"565","INLAND","369",169.394547,83.062586,21.190963,23.608087,16.556188,6.125825
"566","INLAND","370",170.051645,77.963572,18.954545,19.638325,16.809951,6.190111
"567","INLAND","370",166.394547,NA,21.190963,19.608087,14.556188,5.125825
"568","INLAND","370",167.394547,80.062586,21.190963,19.608087,17.556188,6.125825
"569","INLAND","370",173.394547,NA,21.190963,21.608087,15.556188,6.125825
"570","INLAND","371",165.051645,82.963572,20.954545,19.638325,15.809951,6.190111
"571","INLAND","371",163.394547,81.062586,21.190963,19.608087,15.556188,5.125825
"572","INLAND","371",163.394547,83.062586,21.190963,20.608087,15.556188,4.125825
"573","INLAND","371",165.394547,82.062586,21.190963,19.608087,16.556188,4.125825
"574","INLAND","371",166.394547,NA,21.190963,19.608087,14.556188,4.125825
"575","INLAND","371",167.394547,83.062586,21.190963,20.608087,15.556188,5.125825
"576","INLAND","371",166.394547,81.062586,21.190963,22.608087,15.556188,4.125825
"577","INLAND","374",NA,NA,20.954545,21.638325,14.809951,6.190111
"578","INLAND","374",NA,74.062586,21.190963,19.608087,15.556188,4.125825
"579","INLAND","374",161.394547,80.062586,21.190963,19.608087,15.556188,6.125825
"580","INLAND","374",161.394547,80.062586,21.190963,19.608087,15.556188,4.125825
"581","INLAND","374",162.394547,72.062586,21.190963,19.608087,15.556188,5.125825
"582","INLAND","374",165.394547,83.062586,21.190963,19.608087,15.556188,4.125825
"583","INLAND","374",166.394547,81.062586,21.190963,19.608087,15.556188,6.125825
"584","INLAND","374",165.394547,80.062586,21.190963,20.608087,13.556188,4.125825
"585","INLAND","375",160.051645,76.963572,20.954545,19.638325,15.809951,6.190111
"586","INLAND","375",160.394547,NA,21.190963,19.608087,15.556188,6.125825
"587","INLAND","375",168.394547,81.062586,21.190963,19.608087,15.556188,6.125825
"588","INLAND","375",155.394547,80.062586,21.190963,19.608087,15.556188,6.125825
"589","INLAND","376",170.051645,83.963572,18.954545,18.638325,15.809951,6.190111
"590","INLAND","376",156.394547,85.062586,19.190963,21.608087,14.556188,6.125825
"591","INLAND","376",169.394547,75.062586,19.190963,21.608087,15.556188,5.125825
"592","INLAND","376",169.394547,84.062586,19.190963,19.608087,15.556188,6.125825
"593","INLAND","376",169.394547,82.062586,19.190963,22.608087,16.556188,6.125825
"594","INLAND","377",174.051645,76.963572,20.954545,19.638325,13.809951,6.190111
"595","INLAND","377",169.394547,84.062586,21.190963,21.608087,15.556188,6.125825
"596","INLAND","377",173.394547,82.062586,19.190963,20.608087,15.556188,6.125825
"597","INLAND","377",173.394547,81.062586,19.190963,20.608087,15.556188,6.125825
"598","INLAND","377",174.394547,84.062586,21.190963,19.608087,15.556188,6.125825
"599","INLAND","379",166.051645,NA,20.954545,20.638325,15.809951,6.190111
"600","INLAND","379",NA,81.062586,19.190963,19.608087,13.556188,4.125825
"601","INLAND","379",166.394547,79.062586,21.190963,18.608087,15.556188,6.125825
"602","INLAND","379",166.394547,80.062586,21.190963,18.608087,14.556188,6.125825
"603","INLAND","379",167.394547,NA,21.190963,19.608087,15.556188,4.125825
"604","INLAND","379",170.394547,82.062586,21.190963,19.608087,13.556188,6.125825
"605","INLAND","379",170.394547,84.062586,21.190963,19.608087,15.556188,4.125825
"606","INLAND","385",157.051645,73.963572,18.954545,NA,NA,6.190111
"607","INLAND","385",165.394547,84.062586,21.190963,21.608087,20.556188,7.125825
"608","INLAND","386",165.051645,82.963572,20.954545,20.638325,15.809951,6.190111
"609","INLAND","386",171.394547,87.062586,21.190963,23.608087,15.556188,6.125825
"610","INLAND","452",163.051645,NA,20.954545,19.638325,15.809951,6.190111
"611","INLAND","452",164.394547,78.062586,19.190963,19.608087,15.556188,6.125825
"612","INLAND","452",165.394547,81.062586,19.190963,19.608087,15.556188,6.125825
"613","INLAND","452",166.394547,81.062586,19.190963,19.608087,15.556188,7.125825
"614","INLAND","452",167.394547,79.062586,17.190963,18.608087,15.556188,6.125825
"615","INLAND","452",168.394547,81.062586,21.190963,18.608087,15.556188,6.125825
"616","INLAND","470",163.051645,81.963572,20.954545,19.638325,16.809951,7.190111
"617","INLAND","470",157.394547,NA,21.190963,19.608087,15.556188,6.125825
"618","INLAND","470",165.394547,68.062586,19.190963,19.608087,16.556188,6.125825
"619","INLAND","474",170.051645,77.963572,20.954545,19.638325,15.809951,6.190111
"620","INLAND","474",NA,85.062586,21.190963,20.608087,15.556188,6.125825
"621","INLAND","482",165.051645,69.963572,20.954545,19.638325,15.809951,6.190111
"622","INLAND","482",155.394547,81.062586,21.190963,20.608087,15.556188,6.125825
"623","INLAND","482",155.394547,85.062586,21.190963,19.608087,15.556188,6.125825
"624","INLAND","482",159.394547,84.062586,21.190963,22.608087,15.556188,6.125825
"625","INLAND","482",161.394547,78.062586,21.190963,22.608087,15.556188,7.125825
"626","INLAND","482",161.394547,83.062586,21.190963,21.608087,15.556188,6.125825
"627","INLAND","485",161.051645,81.963572,20.954545,19.638325,15.809951,6.190111
"628","INLAND","485",164.394547,83.062586,21.190963,21.608087,15.556188,6.125825
"629","INLAND","485",168.394547,79.062586,21.190963,21.608087,16.556188,6.125825
"630","INLAND","485",172.394547,85.062586,21.190963,21.608087,15.556188,6.125825
"631","INLAND","486",167.051645,79.963572,18.954545,19.638325,15.809951,6.190111
"632","INLAND","486",NA,NA,NA,22.608087,15.556188,6.125825
"633","INLAND","904",168.051645,NA,18.954545,21.638325,15.809951,6.190111
"634","INLAND","904",168.394547,79.062586,19.190963,19.608087,15.556188,8.125825
"635","INLAND","904",168.394547,80.062586,19.190963,19.608087,15.556188,6.125825
"636","INLAND","904",168.394547,82.062586,21.190963,19.608087,15.556188,6.125825
"637","INLAND","904",171.394547,78.062586,19.190963,19.608087,15.556188,6.125825
"638","INLAND","906",170.051645,80.963572,18.954545,19.638325,15.809951,6.190111
"639","INLAND","906",166.394547,80.062586,19.190963,19.608087,16.556188,6.125825
"640","INLAND","906",168.394547,78.062586,21.190963,20.608087,15.556188,5.125825
"641","INLAND","906",170.394547,79.062586,21.190963,19.608087,15.556188,6.125825
"642","INLAND","906",173.394547,80.062586,21.190963,19.608087,15.556188,6.125825
"643","INLAND","908",168.051645,NA,20.954545,19.638325,15.809951,6.190111
"644","INLAND","908",164.394547,83.062586,21.190963,19.608087,15.556188,6.125825
"645","INLAND","908",164.394547,83.062586,21.190963,21.608087,15.556188,6.125825
"646","INLAND","908",162.394547,78.062586,19.190963,20.608087,15.556188,6.125825
"647","INLAND","908",166.394547,81.062586,21.190963,19.608087,15.556188,5.125825
"648","INLAND","908",168.394547,74.062586,19.190963,19.608087,15.556188,6.125825
"649","INLAND","917",160.051645,NA,20.954545,19.638325,15.809951,6.190111
"650","INLAND","917",166.394547,79.062586,21.190963,19.608087,15.556188,5.125825
"651","INLAND","921",163.051645,74.963572,18.954545,19.638325,15.809951,7.190111
"652","INLAND","921",149.394547,75.062586,21.190963,19.608087,15.556188,6.125825
"653","INLAND","921",158.394547,78.062586,21.190963,19.608087,15.556188,6.125825
"654","INLAND","921",170.394547,86.062586,21.190963,19.608087,16.556188,5.125825
"655","INLAND","921",171.394547,89.062586,19.190963,18.608087,15.556188,6.125825
"656","INLAND","922",165.051645,79.963572,20.954545,19.638325,15.809951,6.190111
"657","INLAND","922",161.394547,79.062586,21.190963,19.608087,15.556188,6.125825
"658","INLAND","922",165.394547,76.062586,21.190963,19.608087,15.556188,6.125825
"659","INLAND","922",166.394547,74.062586,21.190963,19.608087,17.556188,7.125825
"660","INLAND","922",169.394547,79.062586,21.190963,19.608087,17.556188,7.125825
"661","INLAND","923",166.051645,82.963572,20.954545,19.638325,15.809951,6.190111
"662","INLAND","923",166.394547,82.062586,21.190963,20.608087,15.556188,6.125825
"663","INLAND","923",173.394547,81.062586,21.190963,19.608087,15.556188,6.125825
"664","INLAND","926",169.051645,77.963572,20.954545,19.638325,15.809951,6.190111
"665","INLAND","926",165.394547,71.062586,19.190963,19.608087,16.556188,6.125825
"666","INLAND","926",165.394547,79.062586,19.190963,19.608087,18.556188,6.125825
"667","INLAND","926",167.394547,80.062586,21.190963,20.608087,18.556188,5.125825
"668","INLAND","926",169.394547,82.062586,21.190963,19.608087,17.556188,6.125825
"669","INLAND","926",172.394547,74.062586,21.190963,17.608087,17.556188,7.125825
"670","INLAND","927",158.051645,82.963572,20.954545,19.638325,15.809951,7.190111
"671","INLAND","927",157.394547,82.062586,19.190963,19.608087,15.556188,6.125825
"672","INLAND","927",159.394547,72.062586,17.190963,19.608087,15.556188,6.125825
"673","INLAND","927",159.394547,79.062586,21.190963,19.608087,16.556188,6.125825
"674","INLAND","927",160.394547,74.062586,19.190963,19.608087,15.556188,6.125825
"675","INLAND","927",161.394547,78.062586,19.190963,19.608087,15.556188,6.125825
"676","INLAND","927",169.394547,86.062586,19.190963,19.608087,15.556188,6.125825
"677","INLAND","930",162.051645,83.963572,18.954545,20.638325,15.809951,6.190111
"678","INLAND","930",160.394547,83.062586,19.190963,19.608087,16.556188,6.125825
"679","INLAND","930",163.394547,77.062586,21.190963,19.608087,17.556188,5.125825
"680","INLAND","930",167.394547,85.062586,21.190963,19.608087,15.556188,6.125825
"681","INLAND","931",170.051645,80.963572,20.954545,20.638325,16.809951,6.190111
"682","INLAND","931",163.394547,81.062586,21.190963,19.608087,16.556188,4.125825
"683","INLAND","931",173.394547,85.062586,21.190963,19.608087,15.556188,6.125825
"684","INLAND","931",172.394547,77.062586,21.190963,19.608087,15.556188,6.125825
"685","INLAND","931",174.394547,82.062586,21.190963,19.608087,16.556188,6.125825
"686","INLAND","933",168.051645,83.963572,18.954545,21.638325,16.809951,6.190111
"687","INLAND","933",168.394547,84.062586,19.190963,19.608087,14.556188,7.125825
"688","INLAND","935",163.051645,NA,20.954545,19.638325,15.809951,6.190111
"689","INLAND","935",164.394547,79.062586,19.190963,19.608087,21.556188,7.125825
"690","INLAND","935",159.394547,76.062586,19.190963,19.608087,15.556188,6.125825
"691","INLAND","935",167.394547,77.062586,19.190963,18.608087,14.556188,6.125825
"692","INLAND","936",167.051645,81.963572,18.954545,23.638325,15.809951,6.190111
"693","INLAND","936",NA,76.062586,21.190963,19.608087,15.556188,6.125825
"694","INLAND","936",NA,87.062586,21.190963,19.608087,16.556188,7.125825
"695","INLAND","936",163.394547,78.062586,21.190963,19.608087,15.556188,6.125825
"696","INLAND","936",171.394547,78.062586,21.190963,20.608087,15.556188,6.125825
"697","INLAND","936",172.394547,79.062586,19.190963,19.608087,16.556188,7.125825
"698","INLAND","936",174.394547,81.062586,21.190963,19.608087,16.556188,6.125825
"699","INLAND","936",174.394547,85.062586,19.190963,19.608087,15.556188,7.125825
"700","INLAND","937",161.051645,NA,18.954545,19.638325,15.809951,6.190111
"701","INLAND","937",156.394547,72.062586,19.190963,19.608087,15.556188,6.125825
"702","INLAND","937",159.394547,74.062586,21.190963,19.608087,16.556188,6.125825
"703","INLAND","937",159.394547,73.062586,21.190963,19.608087,15.556188,6.125825
"704","INLAND","937",166.394547,NA,19.190963,19.608087,15.556188,6.125825
"705","INLAND","938",169.051645,NA,20.954545,19.638325,15.809951,6.190111
"706","INLAND","938",166.394547,75.062586,19.190963,19.608087,15.556188,6.125825
"707","INLAND","938",172.394547,78.062586,21.190963,19.608087,15.556188,6.125825
"708","INLAND","938",172.394547,83.062586,21.190963,19.608087,15.556188,6.125825
"709","INLAND","941",169.051645,75.963572,18.954545,19.638325,15.809951,6.190111
"710","INLAND","941",161.394547,76.062586,19.190963,19.608087,15.556188,4.125825
"711","INLAND","941",163.394547,75.062586,21.190963,19.608087,14.556188,7.125825
"712","INLAND","941",165.394547,72.062586,19.190963,21.608087,15.556188,6.125825
"713","INLAND","941",165.394547,77.062586,21.190963,19.608087,15.556188,6.125825
"714","INLAND","941",169.394547,71.062586,19.190963,20.608087,14.556188,6.125825
"715","INLAND","941",169.394547,77.062586,19.190963,19.608087,15.556188,7.125825
"716","INLAND","941",172.394547,77.062586,21.190963,19.608087,16.556188,5.125825
"717","INLAND","942",168.051645,NA,18.954545,21.638325,15.809951,6.190111
"718","INLAND","942",164.394547,79.062586,19.190963,19.608087,15.556188,6.125825
"719","INLAND","942",165.394547,75.062586,19.190963,19.608087,15.556188,5.125825
"720","INLAND","943",167.051645,87.963572,18.954545,20.638325,15.809951,8.190111
"721","INLAND","943",163.394547,83.062586,21.190963,19.608087,17.556188,7.125825
"722","INLAND","943",165.394547,80.062586,21.190963,19.608087,16.556188,7.125825
"723","INLAND","943",166.394547,80.062586,21.190963,19.608087,15.556188,6.125825
"724","INLAND","943",169.394547,83.062586,21.190963,19.608087,15.556188,6.125825
"725","INLAND","944",166.051645,81.963572,20.954545,20.638325,15.809951,6.190111
"726","INLAND","944",164.394547,79.062586,19.190963,19.608087,15.556188,6.125825
"727","INLAND","946",161.051645,79.963572,20.954545,19.638325,15.809951,6.190111
"728","INLAND","946",165.394547,87.062586,19.190963,21.608087,16.556188,6.125825
"729","INLAND","946",165.394547,83.062586,19.190963,20.608087,15.556188,8.125825
"730","INLAND","948",161.051645,NA,20.954545,19.638325,15.809951,6.190111
"731","INLAND","948",NA,77.062586,21.190963,19.608087,15.556188,5.125825
"732","INLAND","948",167.394547,73.062586,21.190963,19.608087,15.556188,6.125825
"733","INLAND","948",163.394547,78.062586,21.190963,19.608087,15.556188,6.125825
"734","INLAND","948",173.394547,79.062586,21.190963,19.608087,15.556188,6.125825
"735","INLAND","949",164.051645,80.963572,18.954545,19.638325,15.809951,6.190111
"736","INLAND","949",NA,NA,19.190963,18.608087,15.556188,4.125825
"737","INLAND","949",157.394547,81.062586,21.190963,19.608087,15.556188,8.125825
"738","INLAND","949",171.394547,84.062586,19.190963,19.608087,15.556188,6.125825
"739","INLAND","950",166.051645,NA,20.954545,20.638325,15.809951,6.190111
"740","INLAND","950",165.394547,82.062586,21.190963,20.608087,17.556188,6.125825
"741","INLAND","950",168.394547,84.062586,19.190963,20.608087,17.556188,5.125825
"742","INLAND","950",168.394547,88.062586,21.190963,22.608087,15.556188,6.125825
"743","INLAND","950",169.394547,82.062586,21.190963,20.608087,15.556188,6.125825
"744","INLAND","950",169.394547,89.062586,21.190963,19.608087,15.556188,6.125825
"745","INLAND","950",170.394547,86.062586,21.190963,20.608087,15.556188,6.125825
"746","INLAND","950",172.394547,84.062586,21.190963,21.608087,15.556188,6.125825
"747","INLAND","950",173.394547,84.062586,19.190963,20.608087,16.556188,6.125825
"748","INLAND","951",170.051645,NA,20.954545,19.638325,15.809951,6.190111
"749","INLAND","951",160.394547,80.062586,21.190963,19.608087,15.556188,5.125825
"750","INLAND","951",166.394547,83.062586,19.190963,19.608087,15.556188,6.125825
"751","INLAND","951",167.394547,78.062586,21.190963,19.608087,15.556188,6.125825
"752","INLAND","951",168.394547,83.062586,21.190963,21.608087,15.556188,6.125825
"753","INLAND","951",169.394547,83.062586,21.190963,19.608087,15.556188,6.125825
"754","INLAND","951",169.394547,85.062586,19.190963,19.608087,15.556188,6.125825
"755","INLAND","951",171.394547,82.062586,21.190963,19.608087,15.556188,5.125825
"756","INLAND","951",172.394547,87.062586,21.190963,21.608087,16.556188,5.125825
"757","INLAND","954",166.051645,NA,20.954545,19.638325,15.809951,6.190111
"758","INLAND","954",158.394547,75.062586,21.190963,21.608087,15.556188,6.125825
"759","INLAND","954",161.394547,78.062586,21.190963,17.608087,15.556188,6.125825
"760","INLAND","954",167.394547,80.062586,19.190963,20.608087,15.556188,7.125825
"761","INLAND","954",168.394547,80.062586,21.190963,21.608087,15.556188,7.125825
"762","INLAND","981",166.051645,80.963572,18.954545,19.638325,15.809951,6.190111
"763","INLAND","981",165.394547,81.062586,21.190963,19.608087,15.556188,8.125825
"764","INLAND","981",167.394547,78.062586,19.190963,19.608087,14.556188,8.125825
"765","INLAND","981",167.394547,78.062586,21.190963,19.608087,15.556188,6.125825
"766","INLAND","981",169.394547,77.062586,19.190963,20.608087,16.556188,8.125825
"767","INLAND","981",169.394547,81.062586,21.190963,19.608087,14.556188,6.125825
"768","INLAND","981",169.394547,83.062586,21.190963,20.608087,15.556188,6.125825
"769","INLAND","999",165.051645,NA,18.954545,19.638325,14.809951,6.190111
"770","INLAND","999",159.394547,77.062586,19.190963,19.608087,15.556188,6.125825
"771","INLAND","999",162.394547,79.062586,21.190963,20.608087,16.556188,6.125825
"772","INLAND","999",165.394547,79.062586,19.190963,19.608087,15.556188,6.125825
"773","INLAND","999",165.394547,79.062586,19.190963,19.608087,15.556188,6.125825
"774","INLAND","999",167.394547,77.062586,21.190963,19.608087,15.556188,7.125825
"775","INLAND","999",167.394547,78.062586,19.190963,19.608087,16.556188,6.125825
"776","INLAND","999",168.394547,78.062586,21.190963,19.608087,15.556188,7.125825
"777","INLAND","1006",169.051645,77.963572,18.954545,21.638325,16.809951,8.190111
"778","INLAND","1006",163.394547,84.062586,21.190963,20.608087,15.556188,6.125825
"779","INLAND","1006",166.394547,85.062586,21.190963,19.608087,15.556188,7.125825
"780","INLAND","1006",170.394547,81.062586,19.190963,19.608087,15.556188,7.125825
"781","INLAND","1010",167.051645,83.963572,20.954545,22.638325,15.809951,6.190111
"782","INLAND","1010",164.394547,84.062586,21.190963,22.608087,15.556188,6.125825
"783","INLAND","1010",165.394547,84.062586,21.190963,19.608087,15.556188,6.125825
"784","INLAND","1010",166.394547,82.062586,21.190963,19.608087,15.556188,6.125825
"785","INLAND","1010",168.394547,84.062586,21.190963,19.608087,15.556188,6.125825
"786","INLAND","1010",168.394547,85.062586,21.190963,19.608087,15.556188,6.125825
"787","INLAND","1016",162.051645,75.963572,18.954545,19.638325,15.809951,6.190111
"788","INLAND","1016",158.394547,85.062586,21.190963,19.608087,15.556188,6.125825
"789","INLAND","1016",159.394547,82.062586,19.190963,19.608087,15.556188,6.125825
"790","INLAND","1016",163.394547,80.062586,21.190963,19.608087,15.556188,7.125825
"791","INLAND","1018",169.051645,79.963572,18.954545,19.638325,15.809951,6.190111
"792","INLAND","1018",164.394547,89.062586,21.190963,19.608087,15.556188,6.125825
"793","INLAND","1018",167.394547,87.062586,21.190963,19.608087,15.556188,8.125825
"794","INLAND","1018",165.394547,85.062586,21.190963,19.608087,15.556188,6.125825
"795","INLAND","1018",167.394547,84.062586,19.190963,18.608087,15.556188,6.125825
"796","INLAND","1019",165.051645,76.963572,18.954545,19.638325,15.809951,7.190111
"797","INLAND","1019",162.394547,84.062586,19.190963,19.608087,15.556188,6.125825
"798","INLAND","1019",168.394547,80.062586,21.190963,18.608087,15.556188,7.125825
"799","INLAND","1019",168.394547,81.062586,19.190963,19.608087,15.556188,6.125825
"800","INLAND","1022",179.051645,77.963572,18.954545,19.638325,15.809951,8.190111
"801","INLAND","1022",165.394547,88.062586,19.190963,19.608087,15.556188,7.125825
"802","INLAND","1022",165.394547,91.062586,19.190963,19.608087,15.556188,7.125825
"803","INLAND","1022",167.394547,85.062586,21.190963,19.608087,15.556188,6.125825
"804","INLAND","1022",167.394547,90.062586,19.190963,19.608087,15.556188,6.125825
"805","INLAND","1022",168.394547,78.062586,21.190963,19.608087,15.556188,6.125825
"806","INLAND","1024",163.051645,77.963572,18.954545,19.638325,15.809951,7.190111
"807","INLAND","1024",167.394547,79.062586,19.190963,19.608087,15.556188,6.125825
"808","INLAND","1024",171.394547,84.062586,19.190963,19.608087,13.556188,6.125825
"809","INLAND","1027",163.051645,82.963572,20.954545,19.638325,15.809951,6.190111
"810","INLAND","1027",NA,NA,21.190963,19.608087,15.556188,6.125825
"811","INLAND","1027",170.394547,86.062586,21.190963,19.608087,15.556188,5.125825
"812","INLAND","1027",170.394547,86.062586,21.190963,19.608087,16.556188,4.125825
"813","INLAND","1027",172.394547,87.062586,21.190963,19.608087,15.556188,4.125825
"814","INLAND","1054",167.051645,NA,18.954545,19.638325,15.809951,6.190111
"815","INLAND","1054",162.394547,81.062586,19.190963,19.608087,15.556188,8.125825
"816","INLAND","1054",165.394547,82.062586,19.190963,19.608087,15.556188,6.125825
"817","INLAND","1054",166.394547,83.062586,21.190963,16.608087,15.556188,8.125825
"818","INLAND","1073",163.051645,75.963572,18.954545,19.638325,15.809951,6.190111
"819","INLAND","1073",164.394547,74.062586,21.190963,19.608087,15.556188,6.125825
"820","INLAND","1080",166.051645,82.963572,18.954545,19.638325,15.809951,6.190111
"821","INLAND","1080",165.394547,75.062586,21.190963,20.608087,15.556188,4.125825
"822","INLAND","1080",170.394547,77.062586,19.190963,19.608087,15.556188,6.125825
"823","INLAND","1080",170.394547,79.062586,21.190963,19.608087,15.556188,6.125825
"824","INLAND","1080",174.394547,81.062586,21.190963,20.608087,15.556188,6.125825
"825","INLAND","1088",165.051645,80.963572,20.954545,23.638325,17.809951,7.190111
"826","INLAND","1088",170.394547,81.062586,21.190963,19.608087,15.556188,6.125825
"827","INLAND","1088",173.394547,79.062586,21.190963,21.608087,14.556188,6.125825
"828","INLAND","1088",174.394547,95.062586,21.190963,19.608087,14.556188,4.125825
"829","INLAND","1090",166.051645,74.963572,20.954545,19.638325,15.809951,6.190111
"830","INLAND","1090",168.394547,81.062586,21.190963,19.608087,15.556188,7.125825
"831","INLAND","1102",168.051645,85.963572,20.954545,22.638325,15.809951,6.190111
"832","INLAND","1102",NA,NA,19.190963,19.608087,15.556188,6.125825
"833","INLAND","1102",175.394547,81.062586,21.190963,19.608087,15.556188,6.125825
"834","INLAND","1144",165.051645,81.963572,18.954545,19.638325,14.809951,6.190111
"835","INLAND","1144",170.394547,85.062586,21.190963,19.608087,15.556188,6.125825
"836","INLAND","1144",174.394547,84.062586,21.190963,19.608087,15.556188,6.125825
"837","INLAND","1144",176.394547,79.062586,21.190963,19.608087,15.556188,6.125825
"838","INLAND","1162",170.051645,79.963572,18.954545,22.638325,16.809951,6.190111
"839","INLAND","1162",166.394547,81.062586,19.190963,19.608087,15.556188,6.125825
"840","INLAND","1162",171.394547,81.062586,21.190963,20.608087,15.556188,7.125825
"841","INLAND","1162",173.394547,79.062586,19.190963,19.608087,16.556188,8.125825
"842","INLAND","1162",173.394547,82.062586,19.190963,19.608087,15.556188,7.125825
"843","INLAND","1166",166.051645,76.963572,18.954545,19.638325,15.809951,6.190111
"844","INLAND","1166",168.394547,84.062586,21.190963,19.608087,15.556188,7.125825
"845","INLAND","1166",169.394547,82.062586,21.190963,19.608087,14.556188,6.125825
"846","INLAND","1166",170.394547,81.062586,21.190963,19.608087,15.556188,6.125825
"847","INLAND","1166",170.394547,81.062586,21.190963,19.608087,15.556188,6.125825
"848","INLAND","1166",172.394547,86.062586,21.190963,19.608087,15.556188,6.125825
"849","INLAND","1166",174.394547,86.062586,21.190963,19.608087,16.556188,7.125825
"850","INLAND","1167",168.051645,82.963572,20.954545,19.638325,15.809951,6.190111
"851","INLAND","1167",162.394547,83.062586,21.190963,19.608087,15.556188,6.125825
"852","INLAND","1167",163.394547,83.062586,21.190963,19.608087,15.556188,6.125825
"853","INLAND","1167",164.394547,85.062586,21.190963,19.608087,15.556188,6.125825
"854","INLAND","1167",166.394547,83.062586,21.190963,20.608087,17.556188,8.125825
"855","INLAND","1178",168.051645,81.963572,18.954545,19.638325,15.809951,6.190111
"856","INLAND","1178",158.394547,87.062586,21.190963,19.608087,15.556188,6.125825
"857","INLAND","1178",157.394547,86.062586,19.190963,19.608087,15.556188,6.125825
"858","INLAND","1178",167.394547,86.062586,21.190963,19.608087,15.556188,6.125825
"859","INLAND","1178",160.394547,85.062586,21.190963,19.608087,15.556188,6.125825
"860","INLAND","1178",167.394547,88.062586,21.190963,19.608087,15.556188,6.125825
"861","INLAND","1178",171.394547,89.062586,19.190963,20.608087,15.556188,6.125825
"862","INLAND","1178",178.394547,92.062586,19.190963,19.608087,15.556188,7.125825
"863","INLAND","1181",163.051645,NA,18.954545,19.638325,15.809951,6.190111
"864","INLAND","1181",NA,NA,19.190963,20.608087,15.556188,6.125825
"865","INLAND","1181",NA,NA,21.190963,19.608087,15.556188,6.125825
"866","INLAND","1181",NA,76.062586,17.190963,NA,NA,NA
"867","INLAND","1181",164.394547,NA,19.190963,19.608087,15.556188,6.125825
"868","INLAND","1182",166.051645,82.963572,20.954545,19.638325,15.809951,6.190111
"869","INLAND","1182",NA,84.062586,19.190963,19.608087,15.556188,6.125825
"870","INLAND","1195",169.051645,77.963572,20.954545,19.638325,16.809951,6.190111
"871","INLAND","1195",161.394547,64.062586,21.190963,19.608087,16.556188,6.125825
"872","INLAND","1195",162.394547,74.062586,21.190963,19.608087,15.556188,6.125825
"873","INLAND","1195",172.394547,76.062586,21.190963,19.608087,15.556188,7.125825
"874","INLAND","1195",172.394547,77.062586,21.190963,18.608087,15.556188,6.125825
"875","INLAND","1198",172.051645,83.963572,18.954545,19.638325,15.809951,6.190111
"876","INLAND","1198",159.394547,81.062586,21.190963,19.608087,15.556188,5.125825
"877","INLAND","1198",169.394547,83.062586,21.190963,19.608087,14.556188,4.125825
"878","INLAND","1198",171.394547,84.062586,21.190963,20.608087,15.556188,5.125825
"879","INLAND","1199",168.051645,77.963572,20.954545,19.638325,15.809951,5.190111
"880","INLAND","1199",164.394547,64.062586,21.190963,20.608087,16.556188,6.125825
"881","INLAND","1199",165.394547,73.062586,21.190963,19.608087,15.556188,6.125825
"882","INLAND","1199",165.394547,75.062586,21.190963,20.608087,15.556188,6.125825
"883","INLAND","1199",166.394547,74.062586,21.190963,21.608087,16.556188,6.125825
"884","INLAND","1199",166.394547,78.062586,21.190963,19.608087,15.556188,6.125825
"885","INLAND","1199",167.394547,77.062586,21.190963,19.608087,14.556188,6.125825
"886","INLAND","1199",168.394547,76.062586,19.190963,19.608087,15.556188,6.125825
"887","INLAND","1199",168.394547,81.062586,21.190963,19.608087,15.556188,6.125825
"888","INLAND","1199",169.394547,79.062586,21.190963,19.608087,15.556188,6.125825
"889","INLAND","1209",166.051645,NA,18.954545,19.638325,15.809951,6.190111
"890","INLAND","1209",159.394547,73.062586,19.190963,19.608087,15.556188,6.125825
"891","INLAND","1209",167.394547,79.062586,21.190963,19.608087,17.556188,6.125825
"892","INLAND","1209",166.394547,80.062586,21.190963,20.608087,19.556188,7.125825
"893","INLAND","1209",169.394547,77.062586,19.190963,20.608087,15.556188,6.125825
"894","INLAND","1209",170.394547,75.062586,21.190963,20.608087,17.556188,7.125825
"895","INLAND","1210",167.051645,80.963572,20.954545,19.638325,15.809951,6.190111
"896","INLAND","1210",163.394547,81.062586,21.190963,19.608087,15.556188,6.125825
"897","INLAND","1210",164.394547,79.062586,21.190963,20.608087,15.556188,6.125825
"898","INLAND","1210",164.394547,79.062586,21.190963,21.608087,15.556188,6.125825
"899","INLAND","1210",165.394547,79.062586,21.190963,19.608087,15.556188,6.125825
"900","INLAND","1210",166.394547,79.062586,21.190963,19.608087,15.556188,6.125825
"901","INLAND","1210",169.394547,79.062586,21.190963,19.608087,15.556188,6.125825
"902","INLAND","1214",161.051645,79.963572,20.954545,19.638325,15.809951,6.190111
"903","INLAND","1214",161.394547,77.062586,21.190963,21.608087,15.556188,6.125825
"904","INLAND","1214",164.394547,88.062586,21.190963,21.608087,15.556188,7.125825
"905","INLAND","1214",164.394547,88.062586,21.190963,20.608087,15.556188,7.125825
"906","INLAND","1215",160.051645,78.963572,18.954545,19.638325,17.809951,7.190111
"907","INLAND","1215",164.394547,80.062586,21.190963,19.608087,15.556188,7.125825
"908","COAST","496",152,70,19,18,14,6
"909","COAST","496",147,72,19,18,14,6
"910","COAST","496",147,77,19,18,14,6
"911","COAST","496",150,69,19,17,14,6
"912","COAST","496",151,69,19,18,14,6
"913","COAST","496",151,71,19,19,14,6
"914","COAST","496",152,72,19,18,14,6
"915","COAST","496",152,73,19,18,14,6
"916","COAST","496",153,70,19,19,14,6
"917","COAST","496",153,72,19,20,14,6
"918","COAST","504",149,74,19,18,15,6
"919","COAST","504",149,72,19,18,14,6
"920","COAST","504",150,72,19,18,16,6
"921","COAST","504",150,75,19,18,14,4
"922","COAST","504",150,75,19,18,16,6
"923","COAST","504",150,76,19,18,15,6
"924","COAST","504",150,76,19,18,16,6
"925","COAST","504",150,69,19,18,14,6
"926","COAST","504",151,74,19,18,14,6
"927","COAST","506",154,71,19,19,16,6
"928","COAST","506",152,71,19,18,15,6
"929","COAST","506",152,70,19,18,16,6
"930","COAST","506",153,76,19,20,15,6
"931","COAST","506",154,68,19,20,14,6
"932","COAST","506",154,72,19,19,16,6
"933","COAST","506",155,72,19,19,16,6
"934","COAST","506",156,72,19,18,15,6
"935","COAST","513",153,76,19,18,15,6
"936","COAST","513",150,68,19,19,14,6
"937","COAST","513",150,71,19,18,16,6
"938","COAST","513",150,74,19,18,16,6
"939","COAST","513",151,71,19,17,14,6
"940","COAST","513",153,71,19,19,14,6
"941","COAST","513",154,71,19,19,16,6
"942","COAST","514",154,NA,19,18,14,5
"943","COAST","514",150,69,19,19,12,4
"944","COAST","514",149,72,19,18,14,4
"945","COAST","514",152,71,19,20,15,4
"946","COAST","514",155,68,19,18,15,6
"947","COAST","514",153,67,19,18,14,5
"948","COAST","514",156,70,19,18,14,4
"949","COAST","517",152,70,17,16,16,6
"950","COAST","517",148,71,19,21,14,3
"951","COAST","517",152,69,19,19,14,6
"952","COAST","517",152,70,19,19,13,3
"953","COAST","517",154,69,21,20,14,6
"954","COAST","518",151,NA,19,NA,NA,6
"955","COAST","518",141,70,19,20,16,6
"956","COAST","518",147,67,19,19,14,5
"957","COAST","518",150,66,19,20,15,6
"958","COAST","518",153,69,19,20,16,5
"959","COAST","518",150,66,19,20,15,5
"960","COAST","518",157,66,19,19,16,6
"961","COAST","519",NA,76,19,19,16,6
"962","COAST","519",NA,74,NA,20,16,6
"963","COAST","519",149,69,19,20,14,5
"964","COAST","519",157,70,19,19,14,6
"965","COAST","520",152,68,19,16,14,6
"966","COAST","520",NA,NA,NA,20,14,6
"967","COAST","520",152,74,19,19,14,6
"968","COAST","520",158,65,19,20,16,6
"969","COAST","521",145,68,19,17,16,6
"970","COAST","521",143,76,19,18,16,6
"971","COAST","521",149,77,19,20,15,6
"972","COAST","521",150,70,19,19,14,4
"973","COAST","521",153,73,19,20,15,6
"974","COAST","527",155,77,19,18,15,6
"975","COAST","527",132,65,19,18,14,5
"976","COAST","527",146,64,17,20,14,5
"977","COAST","528",150,69,19,19,16,6
"978","COAST","528",146,74,19,19,14,5
"979","COAST","528",149,64,19,20,14,4
"980","COAST","528",149,70,19,20,15,6
"981","COAST","529",149,69,19,18,14,5
"982","COAST","529",149,75,19,18,16,6
"983","COAST","530",154,NA,17,19,16,6
"984","COAST","530",153,73,19,20,16,6
"985","COAST","530",155,73,19,18,14,6
"986","COAST","530",156,69,19,18,12,5
"987","COAST","530",157,68,19,18,14,4
"988","COAST","530",157,71,19,18,16,5
"989","COAST","530",158,73,19,19,16,6
"990","COAST","530",159,83,19,19,16,5
"991","COAST","532",155,71,19,19,14,6
"992","COAST","532",150,73,19,17,14,6
"993","COAST","532",151,69,19,16,15,6
"994","COAST","532",151,71,19,20,15,6
"995","COAST","532",153,70,19,18,14,6
"996","COAST","532",154,70,19,20,16,6
"997","COAST","532",154,72,19,18,16,5
"998","COAST","532",154,73,19,19,16,6
"999","COAST","532",156,71,19,19,16,5
"1000","COAST","533",153,72,19,18,16,6
"1001","COAST","533",NA,NA,19,19,16,6
"1002","COAST","533",152,70,19,20,16,6
"1003","COAST","533",152,72,19,19,16,6
"1004","COAST","533",153,69,19,20,16,6
"1005","COAST","533",154,72,19,19,16,6
"1006","COAST","533",157,76,19,20,16,6
"1007","COAST","533",158,72,19,20,14,6
"1008","COAST","536",148,NA,19,18,15,5
"1009","COAST","536",NA,66,19,NA,16,6
"1010","COAST","536",NA,68,19,18,15,5
"1011","COAST","536",148,70,19,20,16,6
"1012","COAST","536",148,75,19,20,14,6
"1013","COAST","536",150,68,19,20,14,6
"1014","COAST","538",153,74,19,19,14,5
"1015","COAST","538",151,69,19,21,14,6
"1016","COAST","538",154,71,19,20,16,5
"1017","COAST","538",131,62,19,20,16,5
"1018","COAST","538",155,76,19,20,16,6
"1019","COAST","538",157,72,19,20,15,6
"1020","COAST","539",153,73,19,19,15,7
"1021","COAST","539",NA,72,19,NA,16,8
"1022","COAST","539",153,68,19,20,15,6
"1023","COAST","547",150,71,17,18,16,6
"1024","COAST","547",149,74,17,19,15,6
"1025","COAST","547",150,71,19,20,16,6
"1026","COAST","547",151,70,19,20,16,6
"1027","COAST","551",NA,NA,19,19,15,6
"1028","COAST","551",NA,66,19,20,14,6
"1029","COAST","551",NA,69,19,20,14,6
"1030","COAST","551",152,67,19,21,NA,4
"1031","COAST","551",154,67,19,18,14,6
"1032","COAST","551",155,72,19,20,15,6
"1033","COAST","553",NA,78,19,18,14,6
"1034","COAST","553",NA,67,19,17,NA,4
"1035","COAST","555",149,70,19,17,14,5
"1036","COAST","555",159,68,19,20,15,5
"1037","COAST","574",152,70,19,19,14,4
"1038","COAST","574",151,73,19,19,16,5
"1039","COAST","574",151,72,19,18,16,6
"1040","COAST","574",152,NA,19,20,16,7
"1041","COAST","574",153,73,19,20,16,5
"1042","COAST","574",156,74,19,20,16,4
"1043","COAST","583",148,70,19,18,16,6
"1044","COAST","583",145,74,19,17,15,5
"1045","COAST","583",148,74,19,20,16,5
"1046","COAST","583",148,75,19,17,15,4
"1047","COAST","583",149,72,17,18,16,6
"1048","COAST","583",151,75,19,18,16,6
"1049","COAST","689",155,71,19,19,16,6
"1050","COAST","689",148,74,19,20,14,5
"1051","COAST","689",151,67,19,20,16,6
"1052","COAST","689",144,59,19,18,14,6
"1053","COAST","690",158,71,19,20,16,6
"1054","COAST","690",147,70,19,18,14,6
"1055","COAST","690",148,76,19,20,15,6
"1056","COAST","690",147,70,19,19,14,6
"1057","COAST","690",149,65,19,19,16,6
"1058","COAST","690",151,65,19,19,16,6
"1059","COAST","690",152,71,19,20,15,6
"1060","COAST","690",155,68,19,20,16,6
"1061","COAST","694",152,70,19,18,16,6
"1062","COAST","694",153,69,19,18,16,7
"1063","COAST","696",150,76,19,17,13,5
"1064","COAST","696",151,74,19,19,15,6
"1065","COAST","696",152,74,19,18,14,5
"1066","COAST","696",154,76,19,18,14,6
"1067","COAST","696",156,73,19,20,16,6
"1068","COAST","696",157,74,19,18,14,6
"1069","COAST","696",158,68,17,16,14,5
"1070","COAST","702",151,63,19,18,14,6
"1071","COAST","702",150,72,19,18,14,6
"1072","COAST","702",151,69,17,18,14,6
"1073","COAST","702",151,72,17,17,14,4
"1074","COAST","702",152,74,19,17,14,5
"1075","COAST","706",156,NA,19,19,15,6
"1076","COAST","706",150,72,19,18,14,6
"1077","COAST","706",153,73,19,18,14,6
"1078","COAST","706",152,70,19,17,15,6
"1079","COAST","706",154,70,19,18,14,6
"1080","COAST","706",155,76,19,18,16,6
"1081","COAST","710",151,70,17,19,16,5
"1082","COAST","710",NA,76,NA,19,15,6
"1083","COAST","710",147,62,19,19,16,5
"1084","COAST","710",147,69,19,18,15,6
"1085","COAST","710",148,70,19,19,16,5
"1086","COAST","710",150,65,19,20,14,6
"1087","COAST","714",147,NA,19,18,14,6
"1088","COAST","714",150,70,19,18,16,6
"1089","COAST","714",150,71,19,19,15,7
"1090","COAST","714",152,72,17,18,16,6
"1091","COAST","719",149,71,19,20,16,6
"1092","COAST","719",148,65,19,19,16,6
"1093","COAST","719",149,71,19,19,16,6
"1094","COAST","719",150,68,19,19,16,5
"1095","COAST","719",151,72,19,19,16,6
"1096","COAST","719",152,66,19,19,16,6
"1097","COAST","719",152,71,19,20,15,7
"1098","COAST","730",156,75,19,20,16,6
"1099","COAST","730",144,70,19,21,15,6
"1100","COAST","730",151,72,19,18,16,6
"1101","COAST","730",153,69,19,18,16,6
"1102","COAST","730",154,75,19,19,16,6
"1103","COAST","730",154,78,19,20,16,6
"1104","COAST","730",155,70,19,19,16,6
"1105","COAST","730",156,75,19,19,16,6
"1106","COAST","730",158,74,19,19,16,6
"1107","COAST","732",151,73,19,17,15,6
"1108","COAST","732",154,77,19,18,15,6
"1109","COAST","732",157,77,19,20,14,6
"1110","COAST","732",158,79,19,19,14,5
"1111","COAST","735",153,65,17,18,15,6
"1112","COAST","735",151,NA,19,20,16,6
"1113","COAST","735",154,NA,19,20,16,6
"1114","COAST","739",NA,NA,19,20,16,5
"1115","COAST","739",NA,67,19,20,16,6
"1116","COAST","739",148,67,19,20,16,4
"1117","COAST","739",152,71,19,19,16,5
"1118","COAST","739",153,72,19,19,14,5
"1119","COAST","739",154,72,19,20,16,5
"1120","COAST","747",146,70,19,18,16,7
"1121","COAST","747",145,72,19,18,15,6
"1122","COAST","747",145,68,19,17,16,6
"1123","COAST","747",146,75,19,18,16,6
"1124","COAST","747",147,77,19,18,14,4
"1125","COAST","747",148,69,19,18,14,6
"1126","COAST","747",150,72,19,18,16,6
"1127","COAST","747",151,70,19,18,15,5
"1128","COAST","748",154,72,19,20,15,6
"1129","COAST","748",150,71,19,18,13,6
"1130","COAST","748",155,70,19,18,14,6
"1131","COAST","748",155,72,19,20,14,6
"1132","COAST","748",157,71,19,18,14,6
"1133","COAST","748",157,77,19,20,16,5
"1134","COAST","748",157,77,19,20,16,6
"1135","COAST","748",158,74,19,20,14,6
"1136","COAST","750",144,72,19,18,16,6
"1137","COAST","750",NA,NA,19,19,16,6
"1138","COAST","750",153,71,19,20,15,6
"1139","COAST","750",150,58,19,20,15,6
"1140","COAST","751",NA,77,19,19,16,6
"1141","COAST","751",152,74,19,20,16,5
"1142","COAST","751",154,76,19,20,15,5
"1143","COAST","751",156,74,19,20,16,6
"1144","COAST","868",146,NA,19,18,14,5
"1145","COAST","868",150,70,19,20,15,6
"1146","COAST","868",150,72,19,20,14,6
"1147","COAST","868",151,70,19,19,16,6
"1148","COAST","868",152,69,19,18,13,6
"1149","COAST","868",152,70,19,18,14,5
"1150","COAST","868",153,72,19,18,14,6
"1151","COAST","868",154,72,19,18,14,6
"1152","COAST","869",150,63,19,20,16,6
"1153","COAST","869",154,70,19,18,16,6
"1154","COAST","869",153,74,19,18,15,6
"1155","COAST","869",155,70,19,19,16,6
"1156","COAST","869",155,72,19,20,14,6
"1157","COAST","869",156,75,19,20,14,6
"1158","COAST","869",156,70,19,18,15,6
"1159","COAST","869",157,70,19,19,16,6
"1160","COAST","869",157,71,19,18,14,5
"1161","COAST","869",159,74,19,20,14,6
"1162","COAST","870",150,73,19,17,15,6
"1163","COAST","870",146,78,19,18,15,5
"1164","COAST","870",147,68,19,18,14,6
"1165","COAST","870",151,75,19,18,14,6
"1166","COAST","870",153,78,19,18,14,6
"1167","COAST","870",154,74,19,18,15,6
"1168","COAST","870",155,78,19,18,14,6
"1169","COAST","870",157,78,19,18,14,6
"1170","COAST","870",158,75,19,18,16,6
"1171","COAST","874",151,74,19,20,16,6
"1172","COAST","874",149,73,19,18,16,6
"1173","COAST","874",150,70,19,20,16,6
"1174","COAST","874",151,68,19,19,16,6
"1175","COAST","874",151,70,19,18,16,6
"1176","COAST","874",152,66,19,18,16,6
"1177","COAST","874",152,71,19,18,16,6
"1178","COAST","874",153,69,19,18,16,6
"1179","COAST","874",156,71,19,20,16,6
"1180","COAST","874",156,77,19,19,16,6
"1181","COAST","874",157,69,19,18,16,6
"1182","COAST","874",159,76,19,20,16,6
"1183","COAST","875",157,NA,19,18,16,6
"1184","COAST","875",152,70,19,20,16,6
"1185","COAST","875",154,73,19,18,15,6
"1186","COAST","875",156,77,19,18,16,6
"1187","COAST","876",153,67,19,20,16,6
"1188","COAST","876",149,72,19,20,16,7
"1189","COAST","876",151,73,19,20,16,6
"1190","COAST","876",152,70,19,20,16,6
"1191","COAST","876",152,70,19,20,16,6
"1192","COAST","876",152,74,19,18,16,6
"1193","COAST","876",153,72,19,20,16,6
"1194","COAST","876",155,69,19,20,16,6
"1195","COAST","876",155,71,19,19,16,6
"1196","COAST","876",158,75,19,20,16,6
"1197","COAST","878",149,72,17,17,14,6
"1198","COAST","878",148,74,19,18,14,6
"1199","COAST","878",144,74,19,17,14,6
"1200","COAST","878",150,71,19,19,14,6
"1201","COAST","878",151,71,19,19,14,5
"1202","COAST","878",151,74,19,18,14,6
"1203","COAST","879",153,75,19,18,14,6
"1204","COAST","879",148,68,19,19,16,6
"1205","COAST","879",156,70,19,17,14,6
"1206","COAST","879",159,71,19,19,14,6
"1207","COAST","879",163,70,19,18,14,6
"1208","COAST","880",149,73,19,20,16,6
"1209","COAST","880",153,74,19,20,16,4
"1210","COAST","880",155,73,19,20,16,6
"1211","COAST","880",155,70,19,19,15,5
"1212","COAST","880",156,70,17,18,16,6
"1213","COAST","880",161,77,19,19,14,6
"1214","COAST","883",150,73,19,18,15,6
"1215","COAST","883",151,73,19,18,16,5
"1216","COAST","883",152,77,19,20,16,6
"1217","COAST","883",152,78,19,20,16,6
"1218","COAST","883",153,74,19,18,16,6
"1219","COAST","883",153,75,19,21,16,6
"1220","COAST","883",152,69,19,19,14,6
"1221","COAST","883",154,71,19,20,16,6
"1222","COAST","883",154,73,19,18,16,6
"1223","COAST","883",155,73,19,18,16,4
"1224","COAST","883",150,73,19,17,15,5
"1225","COAST","883",157,68,19,18,15,6
"1226","COAST","883",154,73,19,18,14,5
"1227","COAST","884",148,64,19,18,14,6
"1228","COAST","884",148,73,19,20,16,4
"1229","COAST","884",149,68,19,18,16,6
"1230","COAST","884",149,69,19,18,16,6
"1231","COAST","884",149,73,19,18,16,6
"1232","COAST","884",151,70,19,18,16,6
"1233","COAST","884",154,71,19,18,15,6
"1234","COAST","884",154,70,19,18,16,6
"1235","COAST","885",150,65,19,18,14,6
"1236","COAST","885",148,67,19,17,16,6
"1237","COAST","885",149,73,19,18,16,6
"1238","COAST","885",149,69,19,18,15,6
"1239","COAST","885",150,71,19,18,16,5
"1240","COAST","885",151,73,19,18,16,6
"1241","COAST","885",151,68,19,19,16,6
"1242","COAST","885",152,71,19,17,15,6
"1243","COAST","885",154,68,19,18,16,6
"1244","COAST","885",155,67,19,16,16,6
"1245","COAST","886",150,75,17,18,16,6
"1246","COAST","886",152,75,19,17,15,6
"1247","COAST","886",154,77,19,17,16,6
"1248","COAST","886",154,80,19,17,14,5
"1249","COAST","886",155,74,19,20,16,6
"1250","COAST","886",155,73,19,18,14,5
"1251","COAST","886",156,80,19,18,16,6
"1252","COAST","887",149,70,19,18,14,6
"1253","COAST","887",146,72,19,20,15,6
"1254","COAST","887",149,69,19,20,14,6
"1255","COAST","887",151,72,19,20,16,6
"1256","COAST","888",152,72,19,19,16,6
"1257","COAST","888",NA,68,NA,18,14,6
"1258","COAST","889",155,66,19,20,16,6
"1259","COAST","889",154,74,19,18,15,5
"1260","COAST","889",155,72,19,18,14,6
"1261","COAST","889",155,71,19,19,16,6
"1262","COAST","889",156,69,19,19,16,5
"1263","COAST","889",156,71,19,18,16,6
"1264","COAST","889",157,72,19,19,16,6
"1265","COAST","889",158,71,19,20,16,6
"1266","COAST","890",149,71,19,19,16,6
"1267","COAST","890",146,71,19,18,15,6
"1268","COAST","890",148,74,19,20,15,6
"1269","COAST","890",149,72,19,18,15,6
"1270","COAST","890",151,69,19,20,16,5
"1271","COAST","890",152,74,19,20,15,6
"1272","COAST","890",153,71,19,18,14,6
"1273","COAST","890",155,82,19,18,14,6
"1274","COAST","891",152,72,19,19,16,6
"1275","COAST","891",148,68,19,20,16,6
"1276","COAST","891",150,70,19,19,15,6
"1277","COAST","891",152,70,19,19,15,6
"1278","COAST","891",152,74,19,18,14,6
"1279","COAST","891",154,71,17,18,14,6
"1280","COAST","893",149,74,17,17,14,5
"1281","COAST","893",148,75,19,18,13,6
"1282","COAST","893",150,74,19,18,13,6
"1283","COAST","893",151,74,19,18,13,6
"1284","COAST","893",152,73,19,18,14,6
"1285","COAST","894",153,NA,19,18,15,5
"1286","COAST","894",152,76,19,18,14,6
"1287","COAST","894",152,76,19,20,15,6
"1288","COAST","894",151,75,17,19,14,6
"1289","COAST","894",153,72,19,20,16,6
"1290","COAST","903",150,67,19,20,16,4
"1291","COAST","903",150,68,19,18,16,6
"1292","COAST","903",150,69,19,18,16,5
"1293","COAST","903",151,68,19,18,14,6
"1294","COAST","903",152,70,19,20,16,6
"1295","COAST","903",153,72,19,18,16,5
"1296","COAST","914",146,69,19,18,15,6
"1297","COAST","914",150,63,19,20,16,6
"1298","COAST","914",151,63,19,20,16,6
"1299","COAST","914",153,68,19,20,16,6
"1300","COAST","915",154,66,17,20,14,5
"1301","COAST","915",154,68,19,18,15,6
"1302","COAST","915",154,66,19,18,16,6
"1303","COAST","915",156,66,19,18,14,6
"1304","COAST","915",156,70,19,18,14,6
"1305","COAST","932",155,NA,19,19,16,6
"1306","COAST","932",NA,74,NA,NA,NA,6
"1307","COAST","932",148,75,19,20,14,6
"1308","COAST","932",151,71,19,20,16,6
"1309","COAST","932",151,77,19,20,14,6
"1310","COAST","932",153,77,19,18,14,6
"1311","COAST","1130",149,71,19,18,14,5
"1312","COAST","1130",150,74,19,19,15,6
"1313","COAST","1130",153,74,19,19,15,6
"1314","COAST","1130",154,73,19,18,16,6
"1315","COAST","1130",155,73,17,18,14,6
"1316","COAST","1132",150,NA,19,19,16,5
"1317","COAST","1134",155,NA,19,16,14,6
"1318","COAST","1134",144,73,19,18,14,6
"1319","COAST","1134",152,74,19,19,14,6
"1320","COAST","1134",152,70,19,18,14,6
"1321","COAST","1134",155,74,19,18,16,6
"1322","COAST","1134",159,78,19,18,14,6
"1323","COAST","1136",150,NA,19,19,16,5
"1324","COAST","1136",146,72,19,17,14,6
"1325","COAST","1137",147,75,19,20,16,5
"1326","COAST","1137",146,73,19,18,15,6
"1327","COAST","1137",148,NA,19,20,15,6
"1328","COAST","1139",159,74,19,20,16,5
"1329","COAST","1139",154,73,19,20,16,6
"1330","COAST","1139",156,71,19,20,16,6
"1331","COAST","1139",158,70,19,20,16,6
"1332","COAST","1139",158,73,19,20,16,6
"1333","COAST","1139",158,73,19,20,16,6
"1334","COAST","1148",150,NA,19,20,16,6
"1335","COAST","1148",149,71,19,18,16,6
"1336","COAST","1148",153,75,21,20,15,6
"1337","COAST","1148",152,73,19,18,14,6
"1338","COAST","1148",154,71,19,19,15,6
"1339","COAST","1150",154,NA,19,19,15,4
"1340","COAST","1150",NA,NA,NA,20,15,5
"1341","COAST","1150",150,75,19,20,15,6
"1342","COAST","1150",152,73,19,20,15,6
"1343","COAST","1150",154,76,19,20,15,6
"1344","COAST","1150",155,83,19,19,15,6
"1345","COAST","1150",157,76,19,19,14,6
"1346","COAST","1150",160,76,19,20,14,4
"1347","COAST","1151",150,63,19,20,16,6
"1348","COAST","1151",148,71,19,19,16,6
"1349","COAST","1151",152,75,19,18,15,6
"1350","COAST","1154",150,NA,19,18,16,6
"1351","COAST","1154",149,73,19,19,16,7
"1352","COAST","1154",149,74,19,18,16,6
"1353","COAST","1154",153,75,19,18,16,6
"1354","COAST","1154",158,71,19,20,15,6
"1355","COAST","1172",149,69,19,20,16,6
"1356","COAST","1172",149,64,19,20,16,6
"1357","COAST","201",NA,71.509153,17.432901,18.099474,14.210526,6.111888
"1358","COAST","201",146.469346,68.374585,19.117487,18.31799,15.016342,6.174287
"1359","COAST","201",148.469346,65.374585,19.117487,18.31799,16.016342,6.174287
"1360","COAST","201",149.469346,65.374585,19.117487,18.31799,16.016342,6.174287
"1361","COAST","201",150.469346,63.374585,17.117487,16.31799,16.016342,6.174287
"1362","COAST","201",150.469346,70.374585,19.117487,20.31799,15.016342,6.174287
"1363","COAST","201",154.469346,67.374585,19.117487,19.31799,16.016342,6.174287
"1364","COAST","201",155.469346,69.374585,19.117487,18.31799,16.016342,6.174287
"1365","COAST","211",150.753788,72.509153,17.432901,20.099474,16.210526,4.111888
"1366","COAST","211",NA,71.374585,17.117487,18.31799,16.016342,6.174287
"1367","COAST","211",NA,71.374585,19.117487,19.31799,16.016342,6.174287
"1368","COAST","211",NA,74.374585,19.117487,20.31799,14.016342,4.174287
"1369","COAST","211",NA,77.374585,19.117487,20.31799,14.016342,6.174287
"1370","COAST","211",150.469346,75.374585,19.117487,18.31799,15.016342,3.174287
"1371","COAST","211",150.469346,75.374585,19.117487,18.31799,14.016342,6.174287
"1372","COAST","211",153.469346,72.374585,19.117487,18.31799,14.016342,5.174287
"1373","COAST","211",154.469346,77.374585,17.117487,18.31799,16.016342,5.174287
"1374","COAST","211",157.469346,73.374585,19.117487,19.31799,16.016342,6.174287
"1375","COAST","215",NA,63.509153,19.432901,19.099474,15.210526,6.111888
"1376","COAST","215",148.469346,64.374585,19.117487,17.31799,15.016342,6.174287
"1377","COAST","215",150.469346,65.374585,19.117487,18.31799,15.016342,6.174287
"1378","COAST","215",150.469346,67.374585,17.117487,19.31799,14.016342,5.174287
"1379","COAST","215",151.469346,71.374585,19.117487,18.31799,15.016342,6.174287
"1380","COAST","215",151.469346,68.374585,19.117487,18.31799,16.016342,6.174287
"1381","COAST","215",152.469346,64.374585,19.117487,18.31799,15.016342,6.174287
"1382","COAST","215",152.469346,67.374585,19.117487,18.31799,15.016342,4.174287
"1383","COAST","215",152.469346,68.374585,19.117487,19.31799,15.016342,6.174287
"1384","COAST","215",155.469346,64.374585,19.117487,19.31799,14.016342,6.174287
"1385","COAST","242",NA,72.509153,19.432901,19.099474,16.210526,5.111888
"1386","COAST","242",152.469346,65.374585,19.117487,19.31799,16.016342,5.174287
"1387","COAST","242",153.469346,70.374585,19.117487,19.31799,15.016342,4.174287
"1388","COAST","242",154.469346,68.374585,19.117487,18.31799,16.016342,5.174287
"1389","COAST","242",154.469346,69.374585,19.117487,19.31799,14.016342,5.174287
"1390","COAST","242",154.469346,71.374585,19.117487,16.31799,15.016342,4.174287
"1391","COAST","242",155.469346,70.374585,19.117487,18.31799,15.016342,6.174287
"1392","COAST","242",155.469346,71.374585,19.117487,18.31799,16.016342,6.174287
"1393","COAST","242",157.469346,66.374585,19.117487,18.31799,16.016342,6.174287
"1394","COAST","242",158.469346,70.374585,19.117487,18.31799,16.016342,6.174287
"1395","COAST","242",159.469346,67.374585,19.117487,20.31799,16.016342,5.174287
"1396","COAST","247",154.753788,73.509153,19.432901,17.099474,15.210526,5.111888
"1397","COAST","247",146.469346,73.374585,17.117487,20.31799,15.016342,6.174287
"1398","COAST","247",155.469346,78.374585,19.117487,18.31799,16.016342,4.174287
"1399","COAST","247",156.469346,74.374585,19.117487,17.31799,16.016342,6.174287
"1400","COAST","247",156.469346,77.374585,19.117487,19.31799,16.016342,6.174287
"1401","COAST","247",156.469346,76.374585,19.117487,20.31799,16.016342,6.174287
"1402","COAST","250",148.753788,65.509153,17.432901,18.099474,12.210526,4.111888
"1403","COAST","250",150.469346,66.374585,19.117487,18.31799,16.016342,4.174287
"1404","COAST","250",154.469346,70.374585,19.117487,18.31799,15.016342,7.174287
"1405","COAST","251",158.753788,70.509153,19.432901,19.099474,16.210526,6.111888
"1406","COAST","251",150.469346,72.374585,19.117487,20.31799,16.016342,5.174287
"1407","COAST","251",152.469346,71.374585,19.117487,20.31799,16.016342,6.174287
"1408","COAST","251",152.469346,73.374585,19.117487,20.31799,16.016342,6.174287
"1409","COAST","251",152.469346,75.374585,19.117487,20.31799,16.016342,6.174287
"1410","COAST","251",153.469346,72.374585,19.117487,20.31799,16.016342,6.174287
"1411","COAST","251",154.469346,69.374585,19.117487,20.31799,14.016342,6.174287
"1412","COAST","251",154.469346,73.374585,21.117487,20.31799,16.016342,6.174287
"1413","COAST","251",155.469346,72.374585,19.117487,20.31799,16.016342,6.174287
"1414","COAST","251",156.469346,72.374585,19.117487,19.31799,16.016342,6.174287
"1415","COAST","264",152.753788,75.509153,17.432901,19.099474,15.210526,6.111888
"1416","COAST","264",152.469346,72.374585,19.117487,20.31799,16.016342,6.174287
"1417","COAST","264",153.469346,71.374585,19.117487,20.31799,16.016342,6.174287
"1418","COAST","264",154.469346,73.374585,19.117487,20.31799,16.016342,6.174287
"1419","COAST","264",155.469346,72.374585,19.117487,19.31799,14.016342,6.174287
"1420","COAST","338",148.753788,68.509153,19.432901,20.099474,16.210526,6.111888
"1421","COAST","338",130.469346,68.374585,19.117487,18.31799,15.016342,5.174287
"1422","COAST","338",146.469346,NA,19.117487,18.31799,16.016342,6.174287
"1423","COAST","338",145.469346,68.374585,19.117487,16.31799,14.016342,6.174287
"1424","COAST","338",147.469346,72.374585,19.117487,18.31799,16.016342,6.174287
"1425","COAST","338",148.469346,69.374585,19.117487,18.31799,16.016342,6.174287
"1426","COAST","338",149.469346,NA,19.117487,16.31799,16.016342,6.174287
"1427","COAST","346",NA,NA,19.432901,18.099474,14.210526,6.111888
"1428","COAST","346",148.469346,70.374585,17.117487,16.31799,14.016342,6.174287
"1429","COAST","346",148.469346,82.374585,19.117487,19.31799,14.016342,4.174287
"1430","COAST","346",150.469346,67.374585,17.117487,15.31799,14.016342,5.174287
"1431","COAST","346",151.469346,68.374585,19.117487,18.31799,15.016342,6.174287
"1432","COAST","346",151.469346,70.374585,19.117487,19.31799,14.016342,6.174287
"1433","COAST","346",151.469346,74.374585,19.117487,18.31799,16.016342,4.174287
"1434","COAST","346",152.469346,70.374585,19.117487,18.31799,16.016342,4.174287
"1435","COAST","346",154.469346,74.374585,19.117487,18.31799,14.016342,5.174287
"1436","COAST","346",155.469346,73.374585,19.117487,16.31799,14.016342,6.174287
"1437","COAST","346",157.469346,72.374585,19.117487,16.31799,16.016342,4.174287
"1438","COAST","362",148.753788,72.509153,19.432901,18.099474,15.210526,6.111888
"1439","COAST","362",147.469346,72.374585,19.117487,17.31799,13.016342,6.174287
"1440","COAST","362",151.469346,71.374585,19.117487,18.31799,13.016342,6.174287
"1441","COAST","362",152.469346,76.374585,19.117487,18.31799,14.016342,6.174287
"1442","COAST","403",149.753788,74.509153,19.432901,17.099474,15.210526,5.111888
"1443","COAST","403",151.469346,74.374585,19.117487,18.31799,14.016342,6.174287
"1444","COAST","403",162.469346,74.374585,19.117487,18.31799,16.016342,6.174287
"1445","COAST","412",149.753788,68.509153,17.432901,17.099474,14.210526,6.111888
"1446","COAST","412",145.469346,68.374585,19.117487,20.31799,14.016342,6.174287
"1447","COAST","412",149.469346,70.374585,19.117487,18.31799,14.016342,5.174287
"1448","COAST","412",149.469346,73.374585,17.117487,17.31799,15.016342,3.174287
"1449","COAST","412",150.469346,69.374585,19.117487,17.31799,15.016342,4.174287
"1450","COAST","418",152.753788,59.509153,19.432901,19.099474,16.210526,4.111888
"1451","COAST","418",NA,71.374585,17.117487,18.31799,14.016342,6.174287
"1452","COAST","418",NA,71.374585,19.117487,18.31799,14.016342,6.174287
"1453","COAST","418",147.469346,70.374585,19.117487,18.31799,16.016342,6.174287
"1454","COAST","418",149.469346,71.374585,19.117487,20.31799,16.016342,6.174287
"1455","COAST","418",153.469346,70.374585,19.117487,19.31799,16.016342,5.174287
"1456","COAST","418",158.469346,82.374585,19.117487,18.31799,14.016342,6.174287
"1457","COAST","425",143.753788,69.509153,19.432901,NA,NA,6.111888
"1458","COAST","425",144.469346,72.374585,19.117487,18.31799,14.016342,3.174287
"1459","COAST","425",146.469346,69.374585,19.117487,19.31799,15.016342,6.174287
"1460","COAST","425",147.469346,72.374585,19.117487,20.31799,15.016342,6.174287
"1461","COAST","425",148.469346,71.374585,19.117487,18.31799,14.016342,3.174287
"1462","COAST","425",148.469346,73.374585,19.117487,20.31799,14.016342,5.174287
"1463","COAST","425",147.469346,71.374585,19.117487,20.31799,14.016342,5.174287
"1464","COAST","425",154.469346,70.374585,17.117487,19.31799,14.016342,6.174287
"1465","COAST","439",150.753788,80.509153,19.432901,17.099474,16.210526,6.111888
"1466","COAST","439",143.469346,73.374585,17.117487,15.31799,11.016342,6.174287
"1467","COAST","439",155.469346,79.374585,19.117487,20.31799,16.016342,7.174287
"1468","COAST","445",154.753788,74.509153,19.432901,20.099474,16.210526,6.111888
"1469","COAST","445",149.469346,74.374585,19.117487,20.31799,16.016342,6.174287
"1470","COAST","445",154.469346,72.374585,21.117487,20.31799,16.016342,6.174287
"1471","COAST","445",155.469346,72.374585,19.117487,20.31799,16.016342,6.174287
"1472","COAST","445",155.469346,78.374585,19.117487,20.31799,16.016342,6.174287
"1473","COAST","445",156.469346,74.374585,19.117487,18.31799,14.016342,6.174287
"1474","COAST","445",156.469346,79.374585,19.117487,16.31799,16.016342,5.174287
"1475","COAST","450",148.753788,76.509153,17.432901,18.099474,15.210526,6.111888
"1476","COAST","450",NA,NA,19.117487,20.31799,15.016342,6.174287
"1477","COAST","450",NA,89.374585,NA,20.31799,16.016342,6.174287
"1478","COAST","450",151.469346,NA,19.117487,18.31799,14.016342,6.174287
"1479","COAST","450",154.469346,78.374585,19.117487,20.31799,14.016342,6.174287
"1480","COAST","464",146.753788,73.509153,19.432901,19.099474,12.210526,5.111888
"1481","COAST","464",153.469346,73.374585,19.117487,18.31799,15.016342,4.174287
"1482","COAST","523",148.753788,72.509153,19.432901,18.099474,14.210526,6.111888
"1483","COAST","523",153.469346,73.374585,19.117487,20.31799,15.016342,6.174287
"1484","COAST","526",149.753788,75.509153,19.432901,18.099474,16.210526,6.111888
"1485","COAST","526",147.469346,69.374585,19.117487,20.31799,14.016342,6.174287
"1486","COAST","542",162.753788,70.509153,17.432901,NA,NA,NA
"1487","COAST","542",NA,68.374585,19.117487,20.31799,16.016342,6.174287
"1488","COAST","542",150.469346,70.374585,19.117487,20.31799,15.016342,6.174287
"1489","COAST","542",153.469346,69.374585,19.117487,20.31799,15.016342,6.174287
"1490","COAST","546",154.753788,72.509153,19.432901,18.099474,16.210526,6.111888
"1491","COAST","546",142.469346,69.374585,19.117487,20.31799,16.016342,5.174287
"1492","COAST","548",NA,57.509153,17.432901,20.099474,16.210526,6.111888
"1493","COAST","548",147.469346,67.374585,19.117487,19.31799,14.016342,6.174287
"1494","COAST","548",148.469346,69.374585,19.117487,18.31799,14.016342,6.174287
"1495","COAST","548",152.469346,67.374585,19.117487,19.31799,15.016342,6.174287
"1496","COAST","548",152.469346,68.374585,19.117487,17.31799,16.016342,6.174287
"1497","COAST","548",152.469346,70.374585,19.117487,19.31799,14.016342,6.174287
"1498","COAST","548",152.469346,65.374585,19.117487,16.31799,16.016342,6.174287
"1499","COAST","548",153.469346,70.374585,19.117487,16.31799,15.016342,6.174287
"1500","COAST","548",155.469346,71.374585,19.117487,20.31799,13.016342,6.174287
"1501","COAST","769",150.753788,NA,19.432901,18.099474,15.210526,6.111888
"1502","COAST","769",147.469346,65.374585,19.117487,17.31799,14.016342,4.174287
"1503","COAST","769",150.469346,67.374585,19.117487,20.31799,14.016342,6.174287
"1504","COAST","769",152.469346,61.374585,19.117487,17.31799,14.016342,4.174287
"1505","COAST","769",152.469346,74.374585,19.117487,20.31799,15.016342,6.174287
"1506","COAST","769",153.469346,67.374585,19.117487,18.31799,16.016342,6.174287
"1507","COAST","769",155.469346,78.374585,19.117487,18.31799,16.016342,6.174287
"1508","COAST","788",147.753788,69.509153,19.432901,18.099474,14.210526,6.111888
"1509","COAST","788",148.469346,74.374585,19.117487,18.31799,14.016342,6.174287
"1510","COAST","788",152.469346,70.374585,17.117487,18.31799,14.016342,6.174287
"1511","COAST","788",152.469346,74.374585,19.117487,18.31799,15.016342,6.174287
"1512","COAST","788",157.469346,75.374585,19.117487,17.31799,15.016342,6.174287
"1513","COAST","816",151.753788,72.509153,17.432901,19.099474,16.210526,6.111888
"1514","COAST","816",158.469346,76.374585,17.117487,19.31799,16.016342,6.174287
"1515","COAST","816",159.469346,77.374585,19.117487,20.31799,16.016342,6.174287
"1516","COAST","816",159.469346,80.374585,19.117487,20.31799,16.016342,6.174287
